index,id,title
0,022fb5a3-e07d-4abf-8a47-b6026b1251a6,Untitled
1,03589c65-1e31-420f-bf6d-330b235326cc,Untitled
2,0990ff58-d164-475b-a775-8d4871a292ed,Untitled
3,0fe4d37f-ecfa-49e9-bbc6-d73318fb7fd8,Untitled
4,13455267-94f8-4b3b-84d0-f0eab23fe151,Untitled
5,18d2fdd3-e0df-4cf2-b748-c89cb0cbbe4c,Untitled
6,1b6d097d-24f6-4405-ac63-6c9660302c2c,Untitled
7,1debac74-74d9-4441-94e5-5520588d8b6d,Untitled
8,20c6b5ea-d503-4b96-81da-c38452558077,Untitled
9,2464d706-28cb-44f9-a2dc-c5551f7050c4,Untitled
10,2564e8ce-4057-40af-8def-00190c3ea5db,Untitled
11,268223c8-213f-4bbc-a6a4-63597168712a,Untitled
12,26ab2897-20e2-4904-afad-440db71ce2d1,Untitled
13,2738b595-6687-4f32-9f8a-5684744574e3,Untitled
14,27f20798-27ef-42b2-80b7-bf04abe42126,Untitled
15,282a1048-f358-40a5-b789-2464d9c3472f,Untitled
16,28bf0b8d-c562-432d-8e81-264bcbe1d8aa,Untitled
17,2a92f7b2-73bf-4974-85ce-7e8b504c6388,Untitled
18,2f869155-9718-48c4-8595-ae8f48ff7d38,Untitled
19,3408c409-4a97-4593-be4c-06290b2b1744,Untitled
20,3712bc6f-eadd-4ac8-8bab-fccf8fca71aa,Untitled
21,3932f81c-4dbf-459c-831f-ef9c678c4282,Untitled
22,3a31d77f-e3e4-4f8b-862d-f086ce28d31f,Untitled
23,3fc452db-6a6d-4b6c-a2a2-3afcede1f089,Untitled
24,41ffc229-bb78-41ec-afe5-2bf43d5ec774,Untitled
25,42e1076d-0f1f-4e64-8b6e-274a2789b6c8,Untitled
26,469dd7a6-ac62-4a48-b40d-9960b62058fe,Untitled
27,46fbb66c-6655-4152-9678-d7f68de2abc5,Untitled
28,4eb61e0b-502b-4d18-86d7-b215c7b98bf0,Untitled
29,50ca257b-4db2-41aa-9252-d0c0c49e24b6,Untitled
30,50f32f80-04b3-4d15-a554-7ac011a2aa00,Untitled
31,51fbb20b-b38b-4ed4-bca6-84cfc66184f6,Untitled
32,5322098e-cd0d-4917-bcfc-412c7a5fc710,Untitled
33,5e08a29b-8ff4-4ad0-9ae2-fafed3878b9e,Untitled
34,60399af8-5232-4cf4-9c37-4f6fb707b36b,Untitled
35,66d9e9aa-8b57-42dd-a71c-2f348c36012f,Untitled
36,67609af4-3bdc-48c8-b0b0-839470eebeed,Untitled
37,68096db0-ed0f-4cef-ab70-c5b85bdd42a7,Untitled
38,682c477c-8b01-4612-a549-d49996a36aa8,Untitled
39,68c993a0-5b56-4875-a4b6-76be43f258dd,Untitled
40,7a19dd1f-b0b9-4b33-929a-5b3a6b5a818b,Untitled
41,7e337335-3683-45a8-ab2a-7a846eb18a7b,Untitled
42,8221c2f0-0652-4504-9478-9838cd8b55e5,Untitled
43,8555dbec-e3cb-43ae-af1e-1a9447acd013,Untitled
44,89e7a04e-5462-4198-9037-93aff3c0beff,Untitled
45,8af6b771-fd21-4539-adab-02597d632c60,Untitled
46,981f2702-aad7-4e05-93c3-a7ce9842ac8d,Untitled
47,9af1d8d4-5adc-47be-ac53-a76cac057570,Untitled
48,9ecbe534-b26b-44e5-a6d6-601865aa69ed,Untitled
49,a2e2aacf-6fac-469b-b845-714774f10c1e,Untitled
50,a3d2403e-7830-4f71-b17c-0b545b2d06f7,Untitled
51,a7f2b660-e1d9-41d2-9547-c54d2d2aa8d9,Untitled
52,a8b7caf6-c76c-4102-a01e-9f1f036a1096,Untitled
53,acafb721-820a-4382-9ccb-af7cd28de301,Untitled
54,ad7aee3d-0fb0-476b-9998-b237f6dd6513,Untitled
55,ae404ce5-f14e-4aa9-9fa0-7730083fb0b6,Untitled
56,b6075548-540c-43b2-8d9f-4f3098b93ff5,Untitled
57,b73a3e33-c270-4144-8a8e-c6abd315fb2e,Untitled
58,b85903b3-161f-4600-a267-d59fb2e5e1a9,Untitled
59,bb83d753-0429-4747-8236-b50e219ec0c7,Untitled
60,bbfecab0-aa7e-4847-86a4-87cf2c608d41,Untitled
61,bc3cbcb7-e622-42b8-b474-5771f4dd1213,Untitled
62,bd604ca2-c559-4abb-bcdd-04daccdf7a26,Untitled
63,c84dbcad-737e-424d-9976-82b210006375,Untitled
64,cd6adfa1-7bac-4768-8ae0-32e6ded68a56,Untitled
65,ce9e8400-261a-48fd-9902-02f1d2d38d2d,Untitled
66,cecd6ef0-729b-4654-b593-163d846e9f03,Untitled
67,d18a2ff3-ff62-4a18-b0a5-d612f43ad665,Untitled
68,d24b6c14-5154-44f8-821b-ca73a50ed231,Untitled
69,d78911ea-9ae5-4d84-a1f1-9436e13c1c80,Untitled
70,da20530f-91b4-4e56-b6cd-52dec49a51a2,Untitled
71,da2ac117-9838-494e-8d09-ea0dc0698408,Untitled
72,dc773d73-beee-4f45-bd93-ddd0825f9e00,Untitled
73,dec046ae-6dc1-4cde-a72b-61ed386b358a,Untitled
74,e0b497d4-42c8-40cd-8fdd-a6d00825a2af,Untitled
75,e4bf5cf2-ba01-4837-a850-a193bb353bb0,Untitled
76,e74badef-cdf3-4a67-acf6-bdc4c380a005,Untitled
77,e7710aa7-517b-4193-80be-06f518f0cf5d,Untitled
78,e7b5cbf4-f7a5-410d-a990-4c2928eedbbb,Untitled
79,e9781779-76fd-439e-a2a6-35d7127c0205,Untitled
80,e97a5e9f-5c63-4545-8b10-3739fa5f1a29,Untitled
81,ecb9dd82-a698-4869-a7c8-50cdf42466e5,Untitled
82,ed299047-266d-4676-9a9c-554750292118,Untitled
83,f1a5b77e-a007-4031-949c-dfcaf494b82e,Untitled
84,f41f137b-c8f2-4930-b605-30db5606ff81,Untitled
85,f44650d8-fb25-410b-9125-c016c7e783e8,Untitled
86,f6bf9be4-df61-4a23-a6dc-4577918d8796,Untitled
87,fab5bcdc-dbd5-432a-92c6-1b689067b39f,Untitled
88,fc33cb12-396e-45ee-836b-4988d0ae9d9a,Untitled
89,fcfa3f84-b3ad-4a7b-bd1d-8f8898a5a05f,Untitled
90,fef929f6-a3a0-4bd2-87f7-b78cfdf47b32,Untitled
