memory_id,022fb5a3-e07d-4abf-8a47-b6026b1251a6,03589c65-1e31-420f-bf6d-330b235326cc,0990ff58-d164-475b-a775-8d4871a292ed,0fe4d37f-ecfa-49e9-bbc6-d73318fb7fd8,13455267-94f8-4b3b-84d0-f0eab23fe151,18d2fdd3-e0df-4cf2-b748-c89cb0cbbe4c,1b6d097d-24f6-4405-ac63-6c9660302c2c,1debac74-74d9-4441-94e5-5520588d8b6d,20c6b5ea-d503-4b96-81da-c38452558077,2464d706-28cb-44f9-a2dc-c5551f7050c4,2564e8ce-4057-40af-8def-00190c3ea5db,268223c8-213f-4bbc-a6a4-63597168712a,26ab2897-20e2-4904-afad-440db71ce2d1,2738b595-6687-4f32-9f8a-5684744574e3,27f20798-27ef-42b2-80b7-bf04abe42126,282a1048-f358-40a5-b789-2464d9c3472f,28bf0b8d-c562-432d-8e81-264bcbe1d8aa,2a92f7b2-73bf-4974-85ce-7e8b504c6388,2f869155-9718-48c4-8595-ae8f48ff7d38,3408c409-4a97-4593-be4c-06290b2b1744,3712bc6f-eadd-4ac8-8bab-fccf8fca71aa,3932f81c-4dbf-459c-831f-ef9c678c4282,3a31d77f-e3e4-4f8b-862d-f086ce28d31f,3fc452db-6a6d-4b6c-a2a2-3afcede1f089,41ffc229-bb78-41ec-afe5-2bf43d5ec774,42e1076d-0f1f-4e64-8b6e-274a2789b6c8,469dd7a6-ac62-4a48-b40d-9960b62058fe,46fbb66c-6655-4152-9678-d7f68de2abc5,4eb61e0b-502b-4d18-86d7-b215c7b98bf0,50ca257b-4db2-41aa-9252-d0c0c49e24b6,50f32f80-04b3-4d15-a554-7ac011a2aa00,51fbb20b-b38b-4ed4-bca6-84cfc66184f6,5322098e-cd0d-4917-bcfc-412c7a5fc710,5e08a29b-8ff4-4ad0-9ae2-fafed3878b9e,60399af8-5232-4cf4-9c37-4f6fb707b36b,66d9e9aa-8b57-42dd-a71c-2f348c36012f,67609af4-3bdc-48c8-b0b0-839470eebeed,68096db0-ed0f-4cef-ab70-c5b85bdd42a7,682c477c-8b01-4612-a549-d49996a36aa8,68c993a0-5b56-4875-a4b6-76be43f258dd,7a19dd1f-b0b9-4b33-929a-5b3a6b5a818b,7e337335-3683-45a8-ab2a-7a846eb18a7b,8221c2f0-0652-4504-9478-9838cd8b55e5,8555dbec-e3cb-43ae-af1e-1a9447acd013,89e7a04e-5462-4198-9037-93aff3c0beff,8af6b771-fd21-4539-adab-02597d632c60,981f2702-aad7-4e05-93c3-a7ce9842ac8d,9af1d8d4-5adc-47be-ac53-a76cac057570,9ecbe534-b26b-44e5-a6d6-601865aa69ed,a2e2aacf-6fac-469b-b845-714774f10c1e,a3d2403e-7830-4f71-b17c-0b545b2d06f7,a7f2b660-e1d9-41d2-9547-c54d2d2aa8d9,a8b7caf6-c76c-4102-a01e-9f1f036a1096,acafb721-820a-4382-9ccb-af7cd28de301,ad7aee3d-0fb0-476b-9998-b237f6dd6513,ae404ce5-f14e-4aa9-9fa0-7730083fb0b6,b6075548-540c-43b2-8d9f-4f3098b93ff5,b73a3e33-c270-4144-8a8e-c6abd315fb2e,b85903b3-161f-4600-a267-d59fb2e5e1a9,bb83d753-0429-4747-8236-b50e219ec0c7,bbfecab0-aa7e-4847-86a4-87cf2c608d41,bc3cbcb7-e622-42b8-b474-5771f4dd1213,bd604ca2-c559-4abb-bcdd-04daccdf7a26,c84dbcad-737e-424d-9976-82b210006375,cd6adfa1-7bac-4768-8ae0-32e6ded68a56,ce9e8400-261a-48fd-9902-02f1d2d38d2d,cecd6ef0-729b-4654-b593-163d846e9f03,d18a2ff3-ff62-4a18-b0a5-d612f43ad665,d24b6c14-5154-44f8-821b-ca73a50ed231,d78911ea-9ae5-4d84-a1f1-9436e13c1c80,da20530f-91b4-4e56-b6cd-52dec49a51a2,da2ac117-9838-494e-8d09-ea0dc0698408,dc773d73-beee-4f45-bd93-ddd0825f9e00,dec046ae-6dc1-4cde-a72b-61ed386b358a,e0b497d4-42c8-40cd-8fdd-a6d00825a2af,e4bf5cf2-ba01-4837-a850-a193bb353bb0,e74badef-cdf3-4a67-acf6-bdc4c380a005,e7710aa7-517b-4193-80be-06f518f0cf5d,e7b5cbf4-f7a5-410d-a990-4c2928eedbbb,e9781779-76fd-439e-a2a6-35d7127c0205,e97a5e9f-5c63-4545-8b10-3739fa5f1a29,ecb9dd82-a698-4869-a7c8-50cdf42466e5,ed299047-266d-4676-9a9c-554750292118,f1a5b77e-a007-4031-949c-dfcaf494b82e,f41f137b-c8f2-4930-b605-30db5606ff81,f44650d8-fb25-410b-9125-c016c7e783e8,f6bf9be4-df61-4a23-a6dc-4577918d8796,fab5bcdc-dbd5-432a-92c6-1b689067b39f,fc33cb12-396e-45ee-836b-4988d0ae9d9a,fcfa3f84-b3ad-4a7b-bd1d-8f8898a5a05f,fef929f6-a3a0-4bd2-87f7-b78cfdf47b32
022fb5a3-e07d-4abf-8a47-b6026b1251a6,1.0,0.39604372,0.34274188,0.3916759,0.40063787,0.53917605,0.3527731,0.38117468,0.4796456,0.2812609,0.31078106,0.3100754,0.42776483,0.36835417,0.37080482,0.2899108,0.3256412,0.38185623,0.27517417,0.22819172,0.55181247,0.3730109,0.31067288,0.43314728,0.4946759,0.38557976,0.3377926,0.27905232,0.30010223,0.33538532,0.30126908,0.44028115,0.3979565,0.5100356,0.35255188,0.29861158,0.246265,0.44538364,0.34772366,0.3076493,0.28045532,0.48991054,0.26879624,0.33570993,0.42642337,0.28122902,0.34097624,0.37015337,0.41772014,0.4521694,0.35730577,0.24243006,0.50370586,0.40734643,0.34745753,0.4065337,0.37346834,0.29292405,0.25404567,0.38834548,0.35427523,0.49309537,0.27123868,0.35400286,0.36665124,0.5629941,0.33381855,0.3112644,0.43483374,0.24869493,0.24092895,0.28832072,0.24321894,0.4461917,0.51662403,0.3120244,0.42208272,0.3024581,0.26041827,0.3448282,0.46552315,0.48182562,0.45005745,0.32077304,0.2973765,0.40369713,0.50086516,0.35574913,0.31792158,0.35354176,0.37448597
03589c65-1e31-420f-bf6d-330b235326cc,0.39604372,0.99999994,0.28171605,0.39731145,0.5134264,0.39904022,0.37350255,0.36625588,0.49368554,0.32513613,0.3180287,0.4019232,0.3759832,0.4945703,0.43605748,0.29151303,0.33011886,0.41204166,0.27504367,0.2985925,0.49004516,0.5130717,0.4284336,0.43442392,0.45383847,0.38692462,0.39293265,0.39750704,0.3186201,0.50731623,0.44009227,0.38170382,0.41937226,0.41379794,0.46041185,0.28010362,0.39931965,0.5115694,0.3209782,0.4038378,0.32693312,0.55960107,0.331452,0.39612675,0.5354508,0.33703473,0.54054534,0.53538775,0.470048,0.35597414,0.44970667,0.3449288,0.43109053,0.41108495,0.3864494,0.40613157,0.37870303,0.38375214,0.4726925,0.4486146,0.52219,0.45220459,0.29411155,0.42834502,0.38756388,0.40871722,0.34943128,0.5025613,0.36839747,0.33162406,0.38381708,0.39557767,0.34004325,0.55748445,0.49536252,0.38125715,0.34365386,0.37458175,0.3319102,0.3632223,0.51733077,0.517169,0.533835,0.48158795,0.40780458,0.4988839,0.48567775,0.3441772,0.47705865,0.39205426,0.40043318
0990ff58-d164-475b-a775-8d4871a292ed,0.34274188,0.28171605,1.0,0.20038038,0.21429637,0.23774956,0.25500107,0.23557979,0.35765958,0.260782,0.330031,0.39299428,0.23168926,0.2616241,0.27091157,0.37216872,0.42870915,0.2597647,0.4568681,0.29020357,0.2069897,0.48092008,0.42142093,0.32462817,0.36609504,0.25721857,0.2940812,0.17998657,0.348725,0.21639162,0.4132963,0.27216363,0.19652519,0.23430495,0.35342154,0.3769337,0.46420074,0.28064016,0.21881792,0.26222688,0.45939237,0.35627937,0.32693833,0.26920867,0.38738543,0.34101748,0.30082226,0.2137677,0.22940499,0.27913758,0.24471855,0.45069438,0.24543911,0.27148154,0.22050464,0.3313365,0.24004751,0.3276925,0.2217834,0.28551704,0.27711064,0.3392803,0.1335717,0.3785522,0.35943294,0.21175098,0.4282875,0.16103753,0.2520259,0.21320525,0.33254385,0.3527924,0.4377414,0.306835,0.18036805,0.27227515,0.46710658,0.36600292,0.43818873,0.3378438,0.29365385,0.24983335,0.4319166,0.34890267,0.16582735,0.25551987,0.37692612,0.17216659,0.30971336,0.28062135,0.2737388
0fe4d37f-ecfa-49e9-bbc6-d73318fb7fd8,0.3916759,0.39731145,0.20038038,1.0,0.547789,0.38704956,0.3318106,0.37694365,0.2916358,0.29223305,0.37218177,0.3217842,0.40850273,0.46846247,0.39363492,0.24358267,0.24423487,0.44502476,0.2219483,0.22850329,0.38882697,0.27458718,0.3304906,0.33643025,0.38848215,0.3797634,0.43988407,0.30966258,0.22536922,0.36424667,0.30416113,0.3894962,0.38504273,0.4779121,0.29476234,0.320469,0.23871836,0.3445022,0.39692074,0.5782355,0.19968033,0.31575587,0.2096663,0.3692264,0.3721602,0.2453197,0.4277477,0.5550146,0.38683927,0.35320184,0.37113124,0.2290043,0.43510973,0.42234236,0.7091961,0.2893776,0.28302568,0.22994456,0.33871788,0.38253483,0.37444603,0.3380704,0.33859217,0.4925813,0.28736013,0.3644225,0.2845047,0.6157062,0.3711309,0.6436043,0.34999627,0.2769361,0.32827374,0.44818765,0.42644894,0.31413543,0.30483907,0.31429544,0.20315006,0.2771672,0.5197625,0.37902492,0.288054,0.26809305,0.32240522,0.56619406,0.31894213,0.5957625,0.31207234,0.45407373,0.37068248
13455267-94f8-4b3b-84d0-f0eab23fe151,0.40063787,0.5134264,0.21429637,0.547789,1.0,0.35047197,0.43926656,0.43799835,0.35865256,0.29610342,0.24302867,0.29826277,0.4245404,0.37645936,0.52542704,0.21563879,0.22839838,0.63585067,0.21223062,0.25376785,0.36855236,0.24713781,0.2811942,0.3882399,0.46585965,0.34756845,0.43931317,0.3988874,0.23883133,0.40387318,0.28718328,0.4357017,0.43757123,0.4234372,0.38217884,0.36871558,0.25003493,0.43330568,0.51692975,0.36925015,0.33094954,0.36112502,0.27521563,0.48441678,0.42848885,0.25419033,0.42953938,0.63252306,0.6446773,0.33074644,0.36121216,0.27643353,0.34382665,0.6247452,0.61461604,0.43703562,0.5503206,0.26399943,0.3724606,0.407295,0.3520531,0.37444597,0.3021201,0.39293307,0.24605176,0.39363134,0.27808028,0.7045659,0.39225382,0.44341475,0.276725,0.36263993,0.24838081,0.59439063,0.38978228,0.4242397,0.33318907,0.27262327,0.257366,0.33607808,0.64023286,0.35423175,0.35207656,0.31679785,0.41172427,0.6963699,0.36630166,0.46053112,0.40652007,0.36213076,0.5025868
18d2fdd3-e0df-4cf2-b748-c89cb0cbbe4c,0.53917605,0.39904022,0.23774956,0.38704956,0.35047197,1.0,0.31123832,0.33687407,0.48125345,0.20757383,0.35390374,0.28528655,0.5553839,0.36807355,0.2908935,0.23562786,0.3643158,0.3258536,0.26048267,0.217957,0.7757775,0.31666198,0.34456584,0.4070562,0.37418795,0.3760875,0.28013802,0.28283668,0.27100468,0.36747056,0.33760107,0.51549256,0.42602414,0.7387989,0.30984563,0.35945904,0.19795612,0.428804,0.26074797,0.25375694,0.16401318,0.47220898,0.28941178,0.32479137,0.38780633,0.25423324,0.3733666,0.39308423,0.3936328,0.33239335,0.39926332,0.237162,0.6087626,0.36990386,0.29063153,0.36768115,0.34804344,0.2533049,0.31208867,0.4267473,0.4204262,0.4108677,0.31385607,0.34567904,0.28825802,0.67655456,0.2613165,0.33774844,0.35169485,0.22993219,0.25519854,0.3204869,0.20068946,0.419195,0.8547629,0.27700603,0.32831615,0.2739511,0.20472273,0.2878911,0.40070236,0.56516266,0.45114672,0.29299533,0.30801487,0.34844565,0.47606623,0.2727937,0.34065506,0.3014273,0.27930143
1b6d097d-24f6-4405-ac63-6c9660302c2c,0.3527731,0.37350255,0.25500107,0.3318106,0.43926656,0.31123832,1.0000001,0.30623198,0.36873996,0.36408177,0.28464103,0.31390202,0.41301888,0.2952851,0.3270385,0.27402598,0.30453068,0.38770556,0.20432377,0.2778422,0.30762005,0.29951528,0.23686627,0.33402246,0.36306012,0.308901,0.3605407,0.28231224,0.25781736,0.40869188,0.27257055,0.45232207,0.39779612,0.40266478,0.29928052,0.295887,0.21234389,0.56526375,0.26108778,0.26914746,0.26581842,0.39643136,0.36473975,0.28793094,0.33705735,0.2170886,0.38470793,0.38428655,0.40940505,0.29643542,0.37583923,0.20316285,0.3328317,0.37593952,0.3429003,0.28231585,0.3205282,0.32938188,0.22734106,0.34781379,0.22809044,0.34579688,0.19386794,0.36002392,0.26934218,0.30175543,0.29189107,0.36261994,0.23978776,0.33534235,0.20233627,0.24068324,0.24931596,0.41203016,0.2909204,0.7658509,0.30343428,0.2823643,0.27320266,0.36484134,0.39164934,0.3758352,0.37827218,0.30574596,0.30879813,0.43329436,0.3789571,0.29125744,0.33517355,0.35520694,0.3454376
1debac74-74d9-4441-94e5-5520588d8b6d,0.38117468,0.36625588,0.23557979,0.37694365,0.43799835,0.33687407,0.30623198,1.0,0.3634529,0.2685951,0.2802965,0.3476005,0.3406963,0.306584,0.38047475,0.20454818,0.219333,0.2886778,0.23299846,0.31600326,0.37513468,0.31781974,0.33473685,0.32932854,0.36233833,0.28396475,0.35939282,0.34990302,0.300236,0.27999344,0.33290833,0.35028863,0.40364903,0.36320522,0.35964468,0.34287316,0.21693885,0.37309194,0.5166565,0.2546471,0.2579733,0.39007062,0.26954463,0.41868964,0.42416888,0.19442572,0.37843776,0.35695273,0.64594245,0.32693872,0.26209795,0.2662768,0.31050467,0.31033802,0.39974228,0.54053426,0.6539165,0.24332573,0.25968564,0.27929607,0.2694405,0.36613104,0.30384696,0.2666663,0.24772483,0.3888011,0.22944358,0.33116844,0.33712626,0.31360355,0.26619327,0.28472203,0.2709666,0.3576815,0.37114552,0.3155919,0.31752986,0.3175861,0.38022614,0.2492238,0.41481856,0.41860288,0.36199442,0.3032475,0.34134942,0.37671998,0.36670357,0.30753237,0.21578968,0.3561027,0.3568942
20c6b5ea-d503-4b96-81da-c38452558077,0.4796456,0.49368554,0.35765958,0.2916358,0.35865256,0.48125345,0.36873996,0.3634529,0.9999998,0.2893626,0.30114916,0.42725253,0.42364937,0.41802943,0.34184977,0.34765697,0.4301491,0.34585303,0.35266638,0.26395312,0.51314366,0.41625133,0.4561836,0.3861561,0.5117651,0.4328339,0.38462883,0.2685685,0.29949242,0.4498117,0.43794256,0.4536214,0.4289529,0.43649203,0.48152146,0.29990256,0.42633823,0.52400845,0.23881593,0.29045632,0.3782212,0.59325624,0.41006184,0.31416804,0.5142502,0.34995624,0.499123,0.39061147,0.43202588,0.4302566,0.48654503,0.42388642,0.522882,0.315476,0.24938533,0.37419122,0.34804887,0.3760081,0.31732026,0.40124524,0.3398661,0.5338714,0.26341152,0.3907256,0.40238664,0.4563601,0.4652258,0.25476268,0.41200697,0.24329421,0.28848666,0.40402293,0.4026183,0.4603057,0.50868815,0.3741719,0.42838126,0.39093956,0.33931845,0.42135152,0.4384948,0.5463977,0.7312432,0.47925293,0.3575562,0.36847425,0.8066091,0.27448022,0.3949055,0.4182093,0.35172522
2464d706-28cb-44f9-a2dc-c5551f7050c4,0.2812609,0.32513613,0.260782,0.29223305,0.29610342,0.20757383,0.36408177,0.2685951,0.2893626,1.0,0.32204443,0.29043564,0.26671907,0.32077074,0.28379264,0.28810766,0.2578023,0.272176,0.29342842,0.38582247,0.26090503,0.28723237,0.29372948,0.28800976,0.36322242,0.42333513,0.30744302,0.27475286,0.4618137,0.4383843,0.28670144,0.26185292,0.24873352,0.23492467,0.2910146,0.35682976,0.22685793,0.35597143,0.21976754,0.3213163,0.22836253,0.3004465,0.231938,0.26256904,0.36179104,0.21892956,0.31535053,0.28843623,0.26529175,0.28238666,0.48794806,0.21342584,0.31894785,0.23986855,0.26764834,0.23959151,0.25561425,0.23330253,0.3446517,0.30669153,0.37909555,0.28443068,0.2495825,0.3827943,0.30763578,0.30489582,0.27289557,0.26830918,0.25282973,0.2854182,0.2982029,0.23817176,0.20935965,0.24724437,0.26724467,0.4201588,0.3316251,0.29733562,0.2694192,0.43126088,0.31737596,0.28155398,0.3194308,0.28166747,0.30511126,0.3129195,0.32614997,0.33636215,0.29991823,0.49361825,0.25618204
2564e8ce-4057-40af-8def-00190c3ea5db,0.31078106,0.3180287,0.330031,0.37218177,0.24302867,0.35390374,0.28464103,0.2802965,0.30114916,0.32204443,0.99999994,0.26677173,0.2804709,0.34894627,0.14820671,0.3890548,0.36455965,0.19423527,0.2934843,0.32399732,0.28353587,0.31044942,0.28336954,0.43488377,0.28840297,0.35264754,0.2956569,0.3915497,0.28651357,0.27646726,0.3009103,0.25216553,0.21789649,0.33649266,0.2588357,0.4222101,0.22567853,0.26864812,0.16238452,0.2800066,0.20444238,0.32998514,0.2729247,0.29641125,0.23776634,0.24121967,0.3315267,0.21457358,0.24076903,0.19825578,0.34902936,0.19860739,0.37259656,0.20857476,0.25744724,0.2822873,0.29457867,0.23040739,0.32383892,0.3185331,0.36170378,0.30441833,0.2938153,0.35520014,0.35105485,0.2602833,0.31910405,0.2127144,0.25900847,0.23677114,0.26771986,0.24121112,0.21627863,0.23647276,0.2808671,0.29377288,0.30882996,0.2709203,0.2812751,0.31676668,0.24221209,0.2527935,0.27272314,0.21315965,0.3002935,0.20888922,0.31335372,0.24333575,0.24234012,0.33735806,0.16041707
268223c8-213f-4bbc-a6a4-63597168712a,0.3100754,0.4019232,0.39299428,0.3217842,0.29826277,0.28528655,0.31390202,0.3476005,0.42725253,0.29043564,0.26677173,1.0000001,0.31049395,0.4477303,0.26255888,0.3852538,0.7378553,0.300039,0.4133407,0.22292987,0.32134235,0.3221212,0.64126587,0.28533012,0.36885002,0.36884868,0.31522962,0.24409294,0.3110376,0.39058432,0.7571146,0.35702527,0.29422265,0.2818151,0.300843,0.30555165,0.5019385,0.40103254,0.29449874,0.31853634,0.2738512,0.47745472,0.35098794,0.30511257,0.6252368,0.40800247,0.3797899,0.30526644,0.30888343,0.3349528,0.42534575,0.53969145,0.35492456,0.2480355,0.29595196,0.3009425,0.27032098,0.40159357,0.3854449,0.42092696,0.3564995,0.32731578,0.24607173,0.37344652,0.44924754,0.33199534,0.4655356,0.28350678,0.30234462,0.31329837,0.3548315,0.47620255,0.49509913,0.31770444,0.3253491,0.35639173,0.35344845,0.61489415,0.3744516,0.42777455,0.34648582,0.41668478,0.45245457,0.56115544,0.3022346,0.34295082,0.44580635,0.25924277,0.4215871,0.42851865,0.253295
26ab2897-20e2-4904-afad-440db71ce2d1,0.42776483,0.3759832,0.23168926,0.40850273,0.4245404,0.5553839,0.41301888,0.3406963,0.42364937,0.26671907,0.2804709,0.31049395,0.9999999,0.42192316,0.30346328,0.23912816,0.3127036,0.32985878,0.2763833,0.27556804,0.5651776,0.31593233,0.2916953,0.28518504,0.39764386,0.3453027,0.3972426,0.25110415,0.28779846,0.38066486,0.2494201,0.6105813,0.7155787,0.7264689,0.27997765,0.4165963,0.20118876,0.4641279,0.30640736,0.37568086,0.1956889,0.44516724,0.2796213,0.3890677,0.44979456,0.21213776,0.35872385,0.39711133,0.4348672,0.403142,0.37713027,0.24978895,0.5920128,0.317648,0.32276487,0.33264413,0.32927418,0.28769082,0.286435,0.43815017,0.30346397,0.33200893,0.21109049,0.3896328,0.25397167,0.5269437,0.2653013,0.42400244,0.41642213,0.39115754,0.24354604,0.33126563,0.26422766,0.35801798,0.56313205,0.34456706,0.29088837,0.28268376,0.25286907,0.3344564,0.41640893,0.55309343,0.4281368,0.26231456,0.29636523,0.4061234,0.4600429,0.4038702,0.35792607,0.31187633,0.2668501
2738b595-6687-4f32-9f8a-5684744574e3,0.36835417,0.4945703,0.2616241,0.46846247,0.37645936,0.36807355,0.2952851,0.306584,0.41802943,0.32077074,0.34894627,0.4477303,0.42192316,1.0,0.3704201,0.27123225,0.38599092,0.33162707,0.29025018,0.16895528,0.41706073,0.33537698,0.3925269,0.34613693,0.37337494,0.5243895,0.3440921,0.36170268,0.30378938,0.44775894,0.41107145,0.38545477,0.36106285,0.36862296,0.34819782,0.2873454,0.37443233,0.3999859,0.29389217,0.45165658,0.19832574,0.42542705,0.24248952,0.33109432,0.42643577,0.3807586,0.49834576,0.36071873,0.33249885,0.32622102,0.42748076,0.34923387,0.44607055,0.32719254,0.37404317,0.31544232,0.27748954,0.29726577,0.3299363,0.4325677,0.34879857,0.39419022,0.23141879,0.45497945,0.3200189,0.37544668,0.3323536,0.3514408,0.33047187,0.3493524,0.33937687,0.33941343,0.35111624,0.36281827,0.40978992,0.29658186,0.30431998,0.38485825,0.27014118,0.35350004,0.3403957,0.39687616,0.43320546,0.4734241,0.32819396,0.3857888,0.41301447,0.32982785,0.39648852,0.46849328,0.34926996
27f20798-27ef-42b2-80b7-bf04abe42126,0.37080482,0.43605748,0.27091157,0.39363492,0.52542704,0.2908935,0.3270385,0.38047475,0.34184977,0.28379264,0.14820671,0.26255888,0.30346328,0.3704201,1.0,0.18726298,0.24067594,0.6289662,0.2417419,0.24311352,0.32829624,0.30174088,0.23524526,0.31034964,0.4029649,0.3372209,0.37356675,0.31018472,0.29317647,0.35953593,0.26408023,0.33402982,0.30863625,0.29965097,0.38955444,0.31885868,0.2755919,0.33950284,0.67882615,0.39504194,0.33407795,0.2922111,0.29401824,0.5890397,0.36852828,0.27474025,0.41457146,0.47880682,0.3867064,0.4103153,0.3452093,0.27037925,0.28287533,0.72871983,0.43025753,0.38676384,0.35531837,0.3439177,0.29484212,0.3202203,0.30790427,0.3346884,0.23268722,0.38778803,0.2182574,0.33063224,0.28558874,0.46655247,0.36874795,0.260958,0.40522125,0.33422,0.29246303,0.5869076,0.33629638,0.32579494,0.34384078,0.35051438,0.31585848,0.28070885,0.47221094,0.30311662,0.33555192,0.4132267,0.2883649,0.49467784,0.36143607,0.35236794,0.3509912,0.35510743,0.86277163
282a1048-f358-40a5-b789-2464d9c3472f,0.2899108,0.29151303,0.37216872,0.24358267,0.21563879,0.23562786,0.27402598,0.20454818,0.34765697,0.28810766,0.3890548,0.3852538,0.23912816,0.27123225,0.18726298,1.0,0.49171335,0.25392115,0.49663937,0.23285867,0.1870169,0.25258708,0.45965588,0.28639904,0.30178064,0.30780712,0.24097112,0.20970298,0.29647812,0.2826591,0.46489757,0.27129984,0.1926205,0.2159116,0.22645351,0.3351381,0.5081311,0.20879802,0.14594804,0.2003617,0.2854543,0.30788082,0.29069114,0.28564197,0.3690579,0.5091171,0.24778962,0.20953475,0.25606823,0.20592907,0.42721412,0.44643676,0.3183156,0.2676766,0.21706416,0.24786425,0.30375117,0.3215366,0.40793604,0.27192557,0.3333937,0.26079476,0.22699222,0.27081951,0.8977767,0.16325404,0.5161034,0.20175609,0.21685329,0.2282588,0.2776857,0.39381218,0.26545063,0.26448745,0.2023936,0.2951132,0.34035772,0.38609856,0.28456518,0.32494754,0.26435363,0.19440226,0.32644683,0.35982257,0.2469551,0.22023548,0.4246435,0.2051686,0.42022622,0.30554032,0.19370416
28bf0b8d-c562-432d-8e81-264bcbe1d8aa,0.3256412,0.33011886,0.42870915,0.24423487,0.22839838,0.3643158,0.30453068,0.219333,0.4301491,0.2578023,0.36455965,0.7378553,0.3127036,0.38599092,0.24067594,0.49171335,0.99999994,0.27841082,0.38928035,0.22151248,0.27552193,0.26029596,0.57857126,0.3408684,0.34118012,0.3857226,0.22481525,0.26198274,0.41396654,0.33920613,0.6121823,0.3363191,0.24517754,0.3088615,0.24988972,0.3181045,0.48156297,0.28488922,0.19496515,0.2702421,0.24568297,0.3944993,0.36693227,0.28282458,0.44307113,0.40856946,0.35266626,0.23388134,0.23479898,0.30742574,0.42815292,0.44857702,0.34598717,0.30388495,0.19540352,0.30530882,0.2634363,0.35518897,0.3653978,0.34716034,0.35404015,0.3343653,0.20051378,0.37474203,0.482737,0.25073153,0.5277541,0.19592449,0.28656656,0.24161114,0.4197616,0.49362963,0.42399567,0.28641316,0.3018375,0.31645525,0.35402128,0.504597,0.2846043,0.36797976,0.2668721,0.3267109,0.437732,0.5122493,0.28076494,0.23029613,0.4849949,0.17422369,0.4172371,0.3670464,0.24630016
2a92f7b2-73bf-4974-85ce-7e8b504c6388,0.38185623,0.41204166,0.2597647,0.44502476,0.63585067,0.3258536,0.38770556,0.2886778,0.34585303,0.272176,0.19423527,0.300039,0.32985878,0.33162707,0.6289662,0.25392115,0.27841082,1.0,0.30591375,0.26093006,0.34800255,0.22875817,0.28164548,0.29341012,0.4052955,0.34312862,0.37836316,0.27298096,0.26940852,0.3726378,0.30944893,0.35097814,0.29272473,0.35380614,0.37858292,0.27191883,0.2942515,0.397233,0.42000875,0.3497528,0.37928614,0.34464717,0.32971692,0.45970765,0.44899583,0.2615372,0.32643858,0.5014876,0.47412583,0.40484717,0.39502788,0.3040045,0.3160842,0.7935188,0.46896946,0.32847422,0.40548778,0.30673915,0.25217184,0.42301846,0.3081119,0.29843962,0.19233838,0.4175295,0.2694905,0.33520365,0.27456367,0.6145737,0.38521522,0.3250627,0.33360207,0.34709018,0.23330155,0.8019922,0.35215384,0.33232218,0.3793586,0.37732986,0.25335914,0.39833632,0.4735409,0.30942816,0.33406913,0.34379917,0.3507734,0.55332774,0.39996958,0.3634903,0.37805805,0.3539182,0.69172454
2f869155-9718-48c4-8595-ae8f48ff7d38,0.27517417,0.27504367,0.4568681,0.2219483,0.21223062,0.26048267,0.20432377,0.23299846,0.35266638,0.29342842,0.2934843,0.4133407,0.2763833,0.29025018,0.2417419,0.49663937,0.38928035,0.30591375,0.99999994,0.28976193,0.2792413,0.35274166,0.46950892,0.23408514,0.31805998,0.36116165,0.34516776,0.18621099,0.34527057,0.2712222,0.44664198,0.28190663,0.20170026,0.30906302,0.31082296,0.3223657,0.4732755,0.33279145,0.1984556,0.29358578,0.42813653,0.4493389,0.369704,0.2945953,0.49966606,0.418643,0.28974545,0.19846806,0.23834155,0.28441063,0.40869415,0.5084382,0.31940103,0.2669592,0.24227117,0.2387652,0.2384978,0.31071916,0.34519434,0.37671608,0.2891587,0.29032934,0.23174155,0.3785115,0.5042646,0.27175695,0.48672765,0.18950859,0.2718426,0.18490826,0.33400092,0.426508,0.34104437,0.2599982,0.27277642,0.26191264,0.37428603,0.43821782,0.3755318,0.39281338,0.3342852,0.33380553,0.41548547,0.37457973,0.18717827,0.22057065,0.39416867,0.23958455,0.35576665,0.3130352,0.2211668
3408c409-4a97-4593-be4c-06290b2b1744,0.22819172,0.2985925,0.29020357,0.22850329,0.25376785,0.217957,0.2778422,0.31600326,0.26395312,0.38582247,0.32399732,0.22292987,0.27556804,0.16895528,0.24311352,0.23285867,0.22151248,0.26093006,0.28976193,1.0,0.23824868,0.29339266,0.28680068,0.27792144,0.2595872,0.26607236,0.27763924,0.1872963,0.3345417,0.18435663,0.20834449,0.17509232,0.17225787,0.25876686,0.285156,0.32783484,0.17265959,0.2919999,0.21489543,0.29959553,0.2071023,0.29265028,0.22135381,0.3086781,0.30200356,0.19112119,0.32501006,0.29166526,0.28663373,0.24975675,0.23252925,0.2059004,0.27521604,0.25994712,0.25065738,0.2780827,0.2670818,0.24994224,0.35249287,0.22447355,0.30147034,0.26133075,0.26135296,0.29859534,0.21487355,0.25766185,0.26330775,0.27469423,0.2507773,0.22799924,0.26095307,0.26224598,0.25535792,0.2810306,0.22972086,0.34431916,0.32851896,0.25396,0.31751502,0.37664375,0.30412665,0.25023887,0.28221208,0.21859294,0.18934593,0.26071185,0.2892781,0.22597367,0.20436883,0.2367427,0.23633981
3712bc6f-eadd-4ac8-8bab-fccf8fca71aa,0.55181247,0.49004516,0.2069897,0.38882697,0.36855236,0.7757775,0.30762005,0.37513468,0.51314366,0.26090503,0.28353587,0.32134235,0.5651776,0.41706073,0.32829624,0.1870169,0.27552193,0.34800255,0.2792413,0.23824868,1.0,0.4169201,0.3680095,0.33055115,0.3883924,0.37612087,0.35259277,0.26283598,0.3074291,0.39341128,0.33839455,0.54160804,0.5124141,0.6828318,0.3748747,0.3400731,0.23766062,0.55307335,0.3047407,0.33257136,0.25021136,0.5304815,0.30058467,0.33204782,0.4847052,0.26437077,0.3792937,0.42966235,0.43048263,0.37054735,0.36540744,0.27402693,0.6381491,0.32849285,0.2985288,0.36883146,0.34553844,0.28192213,0.32219914,0.41869694,0.4252473,0.41235,0.3313999,0.37663093,0.2933572,0.8768753,0.21804959,0.38913244,0.37120026,0.3063299,0.27441508,0.3355657,0.24471693,0.45664793,0.86048836,0.28217047,0.31307015,0.29619554,0.2540475,0.31456572,0.41823518,0.61949074,0.5162065,0.30721435,0.3032295,0.40615845,0.47971004,0.3416853,0.32995656,0.30743268,0.32522625
3932f81c-4dbf-459c-831f-ef9c678c4282,0.3730109,0.5130717,0.48092008,0.27458718,0.24713781,0.31666198,0.29951528,0.31781974,0.41625133,0.28723237,0.31044942,0.3221212,0.31593233,0.33537698,0.30174088,0.25258708,0.26029596,0.22875817,0.35274166,0.29339266,0.4169201,1.0,0.39648992,0.32988995,0.41688898,0.2547872,0.36948442,0.25170344,0.26878566,0.30839998,0.349634,0.3127876,0.31769195,0.33900544,0.4624552,0.32069615,0.3848252,0.4255458,0.25446904,0.32223982,0.38299948,0.5389555,0.35689878,0.20444205,0.39325407,0.32044277,0.4076503,0.2938523,0.284546,0.32713714,0.27530658,0.3597927,0.37203333,0.32130873,0.25566706,0.33806336,0.23863247,0.3271045,0.27003407,0.31305385,0.35817337,0.45414504,0.2066375,0.39535707,0.34606794,0.3375774,0.4023718,0.2688957,0.31275854,0.30333984,0.3691297,0.33589607,0.5156183,0.34223258,0.3926618,0.34784892,0.3088801,0.2820727,0.47322056,0.33628762,0.3539879,0.42496377,0.5479965,0.39621866,0.2716636,0.29382,0.38863683,0.24968626,0.32264775,0.32572833,0.28752393
3a31d77f-e3e4-4f8b-862d-f086ce28d31f,0.31067288,0.4284336,0.42142093,0.3304906,0.2811942,0.34456584,0.23686627,0.33473685,0.4561836,0.29372948,0.28336954,0.64126587,0.2916953,0.3925269,0.23524526,0.45965588,0.57857126,0.28164548,0.46950892,0.28680068,0.3680095,0.39648992,1.0,0.29566157,0.38376242,0.3289615,0.3119342,0.25386363,0.40512684,0.3559679,0.64974266,0.35344708,0.26838875,0.31067362,0.35752147,0.35132718,0.62956756,0.38188478,0.24510226,0.31528392,0.32018304,0.5038885,0.37270832,0.2971771,0.5886123,0.44461697,0.35088456,0.36967683,0.29849127,0.29337862,0.41294158,0.64725184,0.35264143,0.26518425,0.26836807,0.33562112,0.29636914,0.3650542,0.482687,0.3655826,0.39726937,0.39054364,0.31812918,0.376069,0.51173383,0.32232955,0.5549543,0.25054866,0.3046939,0.2840156,0.42812127,0.54210246,0.5619416,0.3525719,0.39773643,0.29279846,0.38926667,0.44707835,0.39348388,0.36721867,0.35977802,0.47425357,0.50428295,0.47567993,0.3069175,0.2996602,0.44857633,0.243249,0.41417778,0.33839762,0.2594767
3fc452db-6a6d-4b6c-a2a2-3afcede1f089,0.43314728,0.43442392,0.32462817,0.33643025,0.3882399,0.4070562,0.33402246,0.32932854,0.3861561,0.28800976,0.43488377,0.28533012,0.28518504,0.34613693,0.31034964,0.28639904,0.3408684,0.29341012,0.23408514,0.27792144,0.33055115,0.32988995,0.29566157,1.0,0.41483724,0.5835002,0.3052131,0.74818355,0.28291434,0.30587053,0.34333244,0.29424405,0.2505749,0.32067072,0.37908235,0.24829292,0.2783037,0.35016426,0.26978767,0.29272407,0.27860796,0.41231602,0.2980572,0.3452224,0.32077968,0.32261053,0.43425888,0.3069719,0.3719327,0.2939791,0.35628146,0.2867592,0.31780785,0.36926737,0.2986285,0.488864,0.39371216,0.25481123,0.4154369,0.37499365,0.49938363,0.470003,0.44658768,0.342891,0.3175829,0.31439814,0.35018492,0.29156193,0.28995264,0.21486467,0.29988617,0.3231548,0.24910238,0.39592153,0.3404603,0.2828159,0.3183586,0.24104954,0.21541181,0.3763538,0.37830025,0.32184142,0.38443393,0.3511876,0.46039185,0.29550022,0.36803982,0.27408424,0.2995485,0.48061305,0.3388424
41ffc229-bb78-41ec-afe5-2bf43d5ec774,0.4946759,0.45383847,0.36609504,0.38848215,0.46585965,0.37418795,0.36306012,0.36233833,0.5117651,0.36322242,0.28840297,0.36885002,0.39764386,0.37337494,0.4029649,0.30178064,0.34118012,0.4052955,0.31805998,0.2595872,0.3883924,0.41688898,0.38376242,0.41483724,1.0000001,0.41528064,0.4387964,0.35418078,0.3058769,0.3985717,0.35448486,0.499766,0.4183548,0.42568228,0.6526829,0.30228034,0.3869753,0.46872205,0.3835217,0.37607345,0.3732139,0.47599137,0.33099702,0.3477857,0.4403886,0.33366495,0.4888177,0.3543471,0.43278503,0.4421446,0.4080981,0.3587004,0.4020723,0.3728398,0.3744616,0.4409634,0.37559307,0.3328846,0.30964386,0.41359282,0.3547622,0.68981063,0.24138503,0.38394076,0.34712833,0.41467658,0.37256467,0.3761504,0.41720963,0.33950457,0.3524858,0.49066046,0.37809598,0.41975284,0.40162957,0.3951175,0.40654683,0.3059186,0.3499828,0.3894992,0.51180446,0.39571148,0.5483429,0.42974058,0.4172721,0.4031796,0.5496458,0.44043046,0.444754,0.3707484,0.40545258
42e1076d-0f1f-4e64-8b6e-274a2789b6c8,0.38557976,0.38692462,0.25721857,0.3797634,0.34756845,0.3760875,0.308901,0.28396475,0.4328339,0.42333513,0.35264754,0.36884868,0.3453027,0.5243895,0.3372209,0.30780712,0.3857226,0.34312862,0.36116165,0.26607236,0.37612087,0.2547872,0.3289615,0.5835002,0.41528064,0.99999994,0.4029603,0.5013972,0.36226997,0.3996272,0.3434339,0.35119125,0.25150627,0.34764284,0.31371427,0.25698847,0.2703244,0.35032332,0.24509925,0.37788504,0.24580286,0.4317115,0.21907479,0.3449582,0.38999408,0.30455047,0.4775441,0.30148286,0.31310785,0.37152547,0.49612474,0.25346136,0.41902635,0.3216689,0.33666134,0.2913226,0.30543196,0.25969127,0.38817257,0.43808937,0.4668721,0.4107255,0.3091414,0.363516,0.31481433,0.40183645,0.3190467,0.28612208,0.32393366,0.28633717,0.40177298,0.40344578,0.27267063,0.35467425,0.3433042,0.3260506,0.36823636,0.28692394,0.2394732,0.39449123,0.3425636,0.3915776,0.3840149,0.3889109,0.32690662,0.32556248,0.46875075,0.362943,0.3436625,0.6277622,0.2963534
469dd7a6-ac62-4a48-b40d-9960b62058fe,0.3377926,0.39293265,0.2940812,0.43988407,0.43931317,0.28013802,0.3605407,0.35939282,0.38462883,0.30744302,0.2956569,0.31522962,0.3972426,0.3440921,0.37356675,0.24097112,0.22481525,0.37836316,0.34516776,0.27763924,0.35259277,0.36948442,0.3119342,0.3052131,0.4387964,0.4029603,1.0,0.36851573,0.33141026,0.34996316,0.28192765,0.40334654,0.39561525,0.38451087,0.41519094,0.2813452,0.3032164,0.4261907,0.36786252,0.42669737,0.40445033,0.4447985,0.28202304,0.32459506,0.45955035,0.28693852,0.43360347,0.33990175,0.42629865,0.43659428,0.33694655,0.3160093,0.38678485,0.30663586,0.48998162,0.34363508,0.29101902,0.29794562,0.28593022,0.4082722,0.29885867,0.42626747,0.26293296,0.41708583,0.29639584,0.37889478,0.3010711,0.4318316,0.43712962,0.37834862,0.34935084,0.33689648,0.3565539,0.33164102,0.34619135,0.32095152,0.29365125,0.28375292,0.28374016,0.35418725,0.470547,0.35245126,0.40857065,0.3113746,0.29816455,0.40903848,0.39667803,0.571073,0.3275772,0.3888808,0.32092464
46fbb66c-6655-4152-9678-d7f68de2abc5,0.27905232,0.39750704,0.17998657,0.30966258,0.3988874,0.28283668,0.28231224,0.34990302,0.2685685,0.27475286,0.3915497,0.24409294,0.25110415,0.36170268,0.31018472,0.20970298,0.26198274,0.27298096,0.18621099,0.1872963,0.26283598,0.25170344,0.25386363,0.74818355,0.35418078,0.5013972,0.36851573,1.0,0.28156346,0.30757242,0.28614527,0.28815466,0.284283,0.23733196,0.30955535,0.24291632,0.2623921,0.279894,0.29120523,0.28926408,0.2767952,0.3061895,0.25794968,0.32632482,0.2610362,0.27451986,0.40422866,0.30808216,0.36918336,0.22581388,0.305686,0.2598184,0.24775553,0.30498773,0.30010158,0.54542243,0.40466782,0.24561536,0.37740484,0.30845708,0.42672157,0.3607651,0.43971604,0.27111766,0.24431397,0.27649963,0.2485771,0.29468635,0.28718543,0.21471004,0.28905678,0.2594827,0.24518605,0.32769465,0.27098897,0.27783507,0.24042986,0.22055587,0.1970345,0.23223142,0.36429453,0.27356905,0.27317816,0.28096378,0.57132196,0.29657763,0.24803615,0.29794207,0.24408333,0.42854023,0.32939017
4eb61e0b-502b-4d18-86d7-b215c7b98bf0,0.30010223,0.3186201,0.348725,0.22536922,0.23883133,0.27100468,0.25781736,0.300236,0.29949242,0.4618137,0.28651357,0.3110376,0.28779846,0.30378938,0.29317647,0.29647812,0.41396654,0.26940852,0.34527057,0.3345417,0.3074291,0.26878566,0.40512684,0.28291434,0.3058769,0.36226997,0.33141026,0.28156346,1.0,0.33036917,0.3391379,0.26334757,0.24656805,0.27254882,0.30963773,0.31409392,0.34447378,0.29633346,0.24416976,0.3240568,0.24918619,0.30849794,0.20263085,0.3416854,0.3293202,0.31110495,0.28127718,0.2586728,0.24824157,0.32542914,0.36675698,0.29623407,0.26929393,0.28873506,0.18981998,0.34725076,0.27461892,0.2749523,0.3904368,0.2563085,0.35490438,0.29760227,0.291487,0.298296,0.29111913,0.32504427,0.30259556,0.21890157,0.31480196,0.21779156,0.48095137,0.4481423,0.3226646,0.25694025,0.29917276,0.28806156,0.28931683,0.30452478,0.32973444,0.2660477,0.2903858,0.30606234,0.37636632,0.36161387,0.272262,0.25206926,0.34400272,0.27454185,0.35019967,0.3098407,0.26949173
50ca257b-4db2-41aa-9252-d0c0c49e24b6,0.33538532,0.50731623,0.21639162,0.36424667,0.40387318,0.36747056,0.40869188,0.27999344,0.4498117,0.4383843,0.27646726,0.39058432,0.38066486,0.44775894,0.35953593,0.2826591,0.33920613,0.3726378,0.2712222,0.18435663,0.39341128,0.30839998,0.3559679,0.30587053,0.3985717,0.3996272,0.34996316,0.30757242,0.33036917,1.0,0.4577297,0.39022613,0.40657294,0.36714494,0.32348529,0.28467527,0.31073546,0.45810103,0.26960707,0.31573945,0.21381341,0.4203419,0.31444755,0.27963126,0.43840665,0.28177607,0.4884262,0.46090025,0.3487813,0.3429094,0.64661294,0.34157664,0.4124093,0.35943177,0.3104172,0.3324294,0.29755014,0.35248792,0.34772405,0.36272514,0.33796725,0.38590288,0.26301062,0.4200164,0.3327946,0.32886833,0.33494288,0.40188473,0.3114321,0.33680433,0.30411592,0.30222738,0.2972267,0.41865274,0.40437642,0.40264046,0.36778712,0.36279553,0.20756038,0.39292106,0.43176043,0.3997066,0.4244402,0.43104774,0.6467322,0.4963049,0.4338873,0.34766755,0.36769354,0.48700437,0.36886603
50f32f80-04b3-4d15-a554-7ac011a2aa00,0.30126908,0.44009227,0.4132963,0.30416113,0.28718328,0.33760107,0.27257055,0.33290833,0.43794256,0.28670144,0.3009103,0.7571146,0.2494201,0.41107145,0.26408023,0.46489757,0.6121823,0.30944893,0.44664198,0.20834449,0.33839455,0.349634,0.64974266,0.34333244,0.35448486,0.3434339,0.28192765,0.28614527,0.3391379,0.4577297,0.99999994,0.28759122,0.25749323,0.2770697,0.33860755,0.2934234,0.6013782,0.37024933,0.2720043,0.23178634,0.30761045,0.46560127,0.38856146,0.29316062,0.58092093,0.51339674,0.35482097,0.32205713,0.28540102,0.32716614,0.4621812,0.60312414,0.34966835,0.30107954,0.26874232,0.34087896,0.28893498,0.37306398,0.47569352,0.36524457,0.3993894,0.34121472,0.3421958,0.31341055,0.53412414,0.30466723,0.48339975,0.25910258,0.289904,0.2512014,0.38287246,0.48696303,0.4621263,0.40594947,0.3511412,0.29544556,0.35991502,0.57370275,0.38479152,0.43879703,0.35992414,0.40448505,0.4363601,0.60953784,0.40407103,0.3404389,0.42191198,0.2272096,0.5038579,0.37375593,0.2933473
51fbb20b-b38b-4ed4-bca6-84cfc66184f6,0.44028115,0.38170382,0.27216363,0.3894962,0.4357017,0.51549256,0.45232207,0.35028863,0.4536214,0.26185292,0.25216553,0.35702527,0.6105813,0.38545477,0.33402982,0.27129984,0.3363191,0.35097814,0.28190663,0.17509232,0.54160804,0.3127876,0.35344708,0.29424405,0.499766,0.35119125,0.40334654,0.28815466,0.26334757,0.39022613,0.28759122,1.0,0.6646331,0.57714736,0.36279586,0.4282245,0.24526575,0.4998721,0.31885025,0.35514778,0.25351757,0.42006367,0.26579738,0.38641292,0.467737,0.22997916,0.46733254,0.40522534,0.5144299,0.3434623,0.40272772,0.31290835,0.5009949,0.3087679,0.32659128,0.3955242,0.38657933,0.32287937,0.25454867,0.39027566,0.2546817,0.40356666,0.18113586,0.33797938,0.2977606,0.49678203,0.2929249,0.381071,0.4498093,0.3713662,0.2292147,0.41812947,0.30489337,0.33407414,0.5195148,0.45383024,0.32077312,0.32444307,0.2642643,0.33055633,0.4471413,0.54735005,0.45532292,0.30149436,0.30696607,0.42382208,0.5132297,0.36611903,0.3931647,0.34210116,0.32649517
5322098e-cd0d-4917-bcfc-412c7a5fc710,0.3979565,0.41937226,0.19652519,0.38504273,0.43757123,0.42602414,0.39779612,0.40364903,0.4289529,0.24873352,0.21789649,0.29422265,0.7155787,0.36106285,0.30863625,0.1926205,0.24517754,0.29272473,0.20170026,0.17225787,0.5124141,0.31769195,0.26838875,0.2505749,0.4183548,0.25150627,0.39561525,0.284283,0.24656805,0.40657294,0.25749323,0.6646331,0.9999999,0.6198009,0.351754,0.41716602,0.19941686,0.5428693,0.3082525,0.35787076,0.19425762,0.42813754,0.2704473,0.32341227,0.4534811,0.1655387,0.34655815,0.39120466,0.4569269,0.34910434,0.3181944,0.2550284,0.43103665,0.27240992,0.29032004,0.36462086,0.35464817,0.26834267,0.21526267,0.3620461,0.23575729,0.37212375,0.19516772,0.33056018,0.24873981,0.4628939,0.1855568,0.4225528,0.428579,0.44811654,0.22240555,0.28703278,0.24985225,0.32584345,0.48899096,0.36270124,0.2521716,0.2467863,0.26466453,0.24937287,0.4553523,0.54681075,0.44133368,0.23257306,0.32980275,0.4205037,0.424406,0.41841817,0.3105253,0.29113197,0.28498572
5e08a29b-8ff4-4ad0-9ae2-fafed3878b9e,0.5100356,0.41379794,0.23430495,0.4779121,0.4234372,0.7387989,0.40266478,0.36320522,0.43649203,0.23492467,0.33649266,0.2818151,0.7264689,0.36862296,0.29965097,0.2159116,0.3088615,0.35380614,0.30906302,0.25876686,0.6828318,0.33900544,0.31067362,0.32067072,0.42568228,0.34764284,0.38451087,0.23733196,0.27254882,0.36714494,0.2770697,0.57714736,0.6198009,0.99999994,0.30123717,0.37192127,0.186573,0.47397214,0.30122757,0.34323037,0.16051003,0.45385832,0.2476145,0.37770125,0.41157812,0.21679649,0.3653794,0.4116704,0.4058365,0.4032231,0.38830328,0.20640449,0.6299281,0.37364477,0.3695781,0.33399904,0.31062746,0.21044585,0.29303706,0.43765527,0.36876726,0.39214638,0.26511586,0.39005482,0.2663456,0.60798657,0.20553094,0.4290498,0.3900904,0.36779392,0.26613015,0.31933004,0.21240059,0.3992634,0.6826174,0.30741835,0.28474587,0.24848783,0.2159549,0.3345105,0.45552027,0.5641493,0.42349002,0.24910551,0.2825337,0.407848,0.4858039,0.3877925,0.3421743,0.29400602,0.27358562
60399af8-5232-4cf4-9c37-4f6fb707b36b,0.35255188,0.46041185,0.35342154,0.29476234,0.38217884,0.30984563,0.29928052,0.35964468,0.48152146,0.2910146,0.2588357,0.300843,0.27997765,0.34819782,0.38955444,0.22645351,0.24988972,0.37858292,0.31082296,0.285156,0.3748747,0.4624552,0.35752147,0.37908235,0.6526829,0.31371427,0.41519094,0.30955535,0.30963773,0.32348529,0.33860755,0.36279586,0.351754,0.30123717,1.0,0.2818073,0.3940167,0.46387446,0.331138,0.35436934,0.4338619,0.4697761,0.3657431,0.3006539,0.39525208,0.31616327,0.40489578,0.35170573,0.4154113,0.42060453,0.31910062,0.3437256,0.2862212,0.3302524,0.30684367,0.4508168,0.36358857,0.36498684,0.30906326,0.3957435,0.33789665,0.56694,0.28633404,0.39157373,0.28220433,0.3643304,0.35507965,0.32583117,0.41590875,0.29447517,0.38290685,0.3976125,0.3991288,0.39875168,0.37056327,0.3179685,0.36273634,0.29795414,0.44274187,0.34097797,0.42938334,0.3532946,0.5367887,0.43101877,0.34808898,0.3474695,0.44361475,0.3372768,0.36283207,0.3328216,0.4092576
66d9e9aa-8b57-42dd-a71c-2f348c36012f,0.29861158,0.28010362,0.3769337,0.320469,0.36871558,0.35945904,0.295887,0.34287316,0.29990256,0.35682976,0.4222101,0.30555165,0.4165963,0.2873454,0.31885868,0.3351381,0.3181045,0.27191883,0.3223657,0.32783484,0.3400731,0.32069615,0.35132718,0.24829292,0.30228034,0.25698847,0.2813452,0.24291632,0.31409392,0.28467527,0.2934234,0.4282245,0.41716602,0.37192127,0.2818073,1.0,0.2203798,0.34704196,0.2955472,0.33322018,0.23947644,0.30507386,0.25844276,0.38117927,0.33896723,0.21347298,0.24518321,0.34724227,0.33487594,0.21870488,0.3141456,0.28452396,0.36486214,0.29613143,0.2714287,0.28806627,0.34087953,0.27034485,0.26519144,0.302665,0.29566932,0.26170433,0.19306499,0.33115277,0.30089664,0.32850826,0.3066469,0.3102496,0.26255152,0.29856497,0.32310975,0.35418385,0.31525484,0.29249677,0.34415162,0.35081017,0.37811202,0.29000515,0.3494563,0.3230378,0.30482155,0.35432345,0.3180263,0.22848213,0.22212428,0.3445547,0.2924431,0.3049017,0.23621225,0.27647328,0.2866883
67609af4-3bdc-48c8-b0b0-839470eebeed,0.246265,0.39931965,0.46420074,0.23871836,0.25003493,0.19795612,0.21234389,0.21693885,0.42633823,0.22685793,0.22567853,0.5019385,0.20118876,0.37443233,0.2755919,0.5081311,0.48156297,0.2942515,0.4732755,0.17265959,0.23766062,0.3848252,0.62956756,0.2783037,0.3869753,0.2703244,0.3032164,0.2623921,0.34447378,0.31073546,0.6013782,0.24526575,0.19941686,0.186573,0.3940167,0.2203798,1.0,0.3144167,0.23512417,0.24851012,0.49825174,0.3634318,0.43446732,0.24429798,0.53062487,0.67500746,0.34927687,0.23215142,0.2296613,0.2708753,0.27239636,0.6953479,0.2243949,0.28749806,0.18827358,0.3007263,0.2630602,0.3242007,0.41088182,0.2553037,0.28713673,0.37500435,0.29342633,0.372111,0.56566274,0.21132518,0.556795,0.18688999,0.2772114,0.19735274,0.44452545,0.44946453,0.5707934,0.3607541,0.2337019,0.2432676,0.2813558,0.5782851,0.41735303,0.33995232,0.2824399,0.26958907,0.45434034,0.61181974,0.27985978,0.21898331,0.401326,0.20067713,0.61672026,0.30100378,0.32680953
68096db0-ed0f-4cef-ab70-c5b85bdd42a7,0.44538364,0.5115694,0.28064016,0.3445022,0.43330568,0.428804,0.56526375,0.37309194,0.52400845,0.35597143,0.26864812,0.40103254,0.4641279,0.3999859,0.33950284,0.20879802,0.28488922,0.397233,0.33279145,0.2919999,0.55307335,0.4255458,0.38188478,0.35016426,0.46872205,0.35032332,0.4261907,0.279894,0.29633346,0.45810103,0.37024933,0.4998721,0.5428693,0.47397214,0.46387446,0.34704196,0.3144167,1.0,0.28156468,0.34364685,0.3186012,0.68873477,0.41790766,0.2947703,0.5605725,0.2714094,0.4376249,0.4430198,0.43895355,0.35170376,0.39105105,0.31149456,0.42812723,0.35425878,0.3168954,0.35049662,0.33209458,0.3304866,0.30597526,0.44547978,0.31208783,0.490527,0.26966527,0.40910792,0.31958443,0.48873144,0.30241215,0.41532117,0.31130636,0.37394446,0.28174204,0.36346483,0.313391,0.49384543,0.5060687,0.53056896,0.3105753,0.34229934,0.3121901,0.43394285,0.44308013,0.5759072,0.62539506,0.38324344,0.3571838,0.46656895,0.4786818,0.3351591,0.33623922,0.37979445,0.38596463
682c477c-8b01-4612-a549-d49996a36aa8,0.34772366,0.3209782,0.21881792,0.39692074,0.51692975,0.26074797,0.26108778,0.5166565,0.23881593,0.21976754,0.16238452,0.29449874,0.30640736,0.29389217,0.67882615,0.14594804,0.19496515,0.42000875,0.1984556,0.21489543,0.3047407,0.25446904,0.24510226,0.26978767,0.3835217,0.24509925,0.36786252,0.29120523,0.24416976,0.26960707,0.2720043,0.31885025,0.3082525,0.30122757,0.331138,0.2955472,0.23512417,0.28156468,1.0000001,0.26580518,0.3150708,0.28041714,0.24958006,0.657201,0.34549457,0.23045811,0.3290223,0.43452752,0.39006165,0.30645698,0.22253415,0.22875702,0.23835188,0.50748724,0.46690685,0.3943551,0.349527,0.2689697,0.28903452,0.2853559,0.30076256,0.28287685,0.255257,0.27488464,0.17891456,0.32867777,0.18817072,0.40343648,0.33761036,0.2685551,0.33035013,0.3271599,0.2204062,0.39138782,0.3259694,0.23858123,0.23270161,0.29591835,0.27909118,0.21600816,0.45556808,0.30943406,0.27512985,0.2893664,0.27432412,0.44676638,0.27648664,0.28598368,0.3191154,0.26610762,0.6074366
68c993a0-5b56-4875-a4b6-76be43f258dd,0.3076493,0.4038378,0.26222688,0.5782355,0.36925015,0.25375694,0.26914746,0.2546471,0.29045632,0.3213163,0.2800066,0.31853634,0.37568086,0.45165658,0.39504194,0.2003617,0.2702421,0.3497528,0.29358578,0.29959553,0.33257136,0.32223982,0.31528392,0.29272407,0.37607345,0.37788504,0.42669737,0.28926408,0.3240568,0.31573945,0.23178634,0.35514778,0.35787076,0.34323037,0.35436934,0.33322018,0.24851012,0.34364685,0.26580518,1.0,0.2754177,0.3592193,0.21010852,0.33756995,0.40859112,0.20607305,0.45510435,0.35035542,0.3395818,0.39479995,0.33605182,0.24516279,0.33509624,0.33219665,0.40833554,0.34136802,0.27163535,0.2991315,0.35475877,0.39240238,0.3638988,0.34817177,0.24885395,0.6131531,0.23645534,0.37049606,0.2673908,0.42967555,0.40257296,0.4796381,0.39244762,0.3052503,0.33858427,0.31555915,0.31580496,0.31960797,0.3900805,0.2866531,0.23651066,0.30629385,0.42480296,0.32548606,0.36671677,0.32090157,0.27726987,0.38040143,0.31727478,0.6426792,0.27689683,0.37689468,0.32405245
7a19dd1f-b0b9-4b33-929a-5b3a6b5a818b,0.28045532,0.32693312,0.45939237,0.19968033,0.33094954,0.16401318,0.26581842,0.2579733,0.3782212,0.22836253,0.20444238,0.2738512,0.1956889,0.19832574,0.33407795,0.2854543,0.24568297,0.37928614,0.42813653,0.2071023,0.25021136,0.38299948,0.32018304,0.27860796,0.3732139,0.24580286,0.40445033,0.2767952,0.24918619,0.21381341,0.30761045,0.25351757,0.19425762,0.16051003,0.4338619,0.23947644,0.49825174,0.3186012,0.3150708,0.2754177,1.0,0.3908887,0.3855996,0.31181806,0.39884183,0.32881352,0.27012083,0.25769618,0.3231965,0.31613773,0.15559751,0.40204608,0.1876075,0.3333905,0.24573728,0.3395515,0.3251977,0.32632804,0.23461932,0.2418164,0.22814009,0.36071903,0.18768972,0.4091794,0.32692188,0.25948402,0.33909297,0.25062573,0.29984063,0.17370647,0.35025057,0.29458773,0.3747122,0.40286267,0.22371176,0.27160442,0.32266423,0.3454634,0.34415007,0.29531348,0.31430855,0.24705954,0.41946065,0.37677735,0.2296188,0.28362337,0.34718627,0.24981278,0.33769158,0.28606302,0.3702134
7e337335-3683-45a8-ab2a-7a846eb18a7b,0.48991054,0.55960107,0.35627937,0.31575587,0.36112502,0.47220898,0.39643136,0.39007062,0.59325624,0.3004465,0.32998514,0.47745472,0.44516724,0.42542705,0.2922111,0.30788082,0.3944993,0.34464717,0.4493389,0.29265028,0.5304815,0.5389555,0.5038885,0.41231602,0.47599137,0.4317115,0.4447985,0.3061895,0.30849794,0.4203419,0.46560127,0.42006367,0.42813754,0.45385832,0.4697761,0.30507386,0.3634318,0.68873477,0.28041714,0.3592193,0.3908887,1.0000001,0.4192676,0.30262828,0.5818682,0.29186946,0.46279013,0.3938489,0.44645008,0.3692659,0.42252088,0.36346793,0.48960742,0.33116066,0.34470177,0.392513,0.35656697,0.35036027,0.35569343,0.48925206,0.42230913,0.5652051,0.2592572,0.47114915,0.39569443,0.473108,0.37390107,0.35685992,0.3487943,0.29818156,0.27792233,0.42249256,0.35744143,0.4757634,0.5311672,0.36164147,0.41838884,0.3922657,0.36881286,0.4425352,0.44845313,0.63015467,0.6516947,0.41208822,0.38612074,0.40371263,0.57227695,0.29150426,0.3517242,0.43688333,0.3065068
8221c2f0-0652-4504-9478-9838cd8b55e5,0.26879624,0.331452,0.32693833,0.2096663,0.27521563,0.28941178,0.36473975,0.26954463,0.41006184,0.231938,0.2729247,0.35098794,0.2796213,0.24248952,0.29401824,0.29069114,0.36693227,0.32971692,0.369704,0.22135381,0.30058467,0.35689878,0.37270832,0.2980572,0.33099702,0.21907479,0.28202304,0.25794968,0.20263085,0.31444755,0.38856146,0.26579738,0.2704473,0.2476145,0.3657431,0.25844276,0.43446732,0.41790766,0.24958006,0.21010852,0.3855996,0.4192676,1.0000001,0.25066817,0.40962625,0.3451779,0.32767156,0.2588815,0.37358403,0.31148756,0.2981558,0.4047072,0.25681183,0.37274414,0.20401326,0.267363,0.32864553,0.45565283,0.21893072,0.36613542,0.2203885,0.35185653,0.19227436,0.38216692,0.33821428,0.2360291,0.44134903,0.26719272,0.29808557,0.20657246,0.268481,0.29742897,0.33764324,0.389233,0.3068117,0.35293186,0.34489816,0.42899722,0.28035748,0.29319924,0.3368259,0.36741608,0.3778747,0.39177114,0.31205636,0.26202923,0.36343825,0.17170301,0.32629353,0.25311422,0.36381304
8555dbec-e3cb-43ae-af1e-1a9447acd013,0.33570993,0.39612675,0.26920867,0.3692264,0.48441678,0.32479137,0.28793094,0.41868964,0.31416804,0.26256904,0.29641125,0.30511257,0.3890677,0.33109432,0.5890397,0.28564197,0.28282458,0.45970765,0.2945953,0.3086781,0.33204782,0.20444205,0.2971771,0.3452224,0.3477857,0.3449582,0.32459506,0.32632482,0.3416854,0.27963126,0.29316062,0.38641292,0.32341227,0.37770125,0.3006539,0.38117927,0.24429798,0.2947703,0.657201,0.33756995,0.31181806,0.30262828,0.25066817,0.9999998,0.36277777,0.24656463,0.3351764,0.46419418,0.42319226,0.28374666,0.35177085,0.28088135,0.34258938,0.5255786,0.4052118,0.4434292,0.41825566,0.3735214,0.38982973,0.3858072,0.41260532,0.25845498,0.29107445,0.33001903,0.24913687,0.3474751,0.2625713,0.42825645,0.30218676,0.25808564,0.33728403,0.4668058,0.21943557,0.41067937,0.3493617,0.2994706,0.30784166,0.37687534,0.28402388,0.31229717,0.42515773,0.34646475,0.30989903,0.3059801,0.2915982,0.41350263,0.37284824,0.33417135,0.36813462,0.3382179,0.5334029
89e7a04e-5462-4198-9037-93aff3c0beff,0.42642337,0.5354508,0.38738543,0.3721602,0.42848885,0.38780633,0.33705735,0.42416888,0.5142502,0.36179104,0.23776634,0.6252368,0.44979456,0.42643577,0.36852828,0.3690579,0.44307113,0.44899583,0.49966606,0.30200356,0.4847052,0.39325407,0.5886123,0.32077968,0.4403886,0.38999408,0.45955035,0.2610362,0.3293202,0.43840665,0.58092093,0.467737,0.4534811,0.41157812,0.39525208,0.33896723,0.53062487,0.5605725,0.34549457,0.40859112,0.39884183,0.5818682,0.40962625,0.36277777,1.0,0.39283866,0.46452317,0.42265993,0.46349978,0.4370408,0.45938092,0.5093057,0.44188416,0.3780414,0.37510175,0.3541574,0.3697421,0.33783615,0.42854044,0.42355502,0.4083545,0.4335072,0.29857886,0.45052725,0.45044905,0.4625429,0.40945548,0.39787817,0.43011713,0.3567081,0.40068394,0.4664541,0.39071745,0.46945935,0.46470773,0.33005053,0.43335778,0.5478579,0.3418795,0.4535424,0.5239611,0.543534,0.5371406,0.4506439,0.32283837,0.45274884,0.5242381,0.3346132,0.48125505,0.47286662,0.33289105
8af6b771-fd21-4539-adab-02597d632c60,0.28122902,0.33703473,0.34101748,0.2453197,0.25419033,0.25423324,0.2170886,0.19442572,0.34995624,0.21892956,0.24121967,0.40800247,0.21213776,0.3807586,0.27474025,0.5091171,0.40856946,0.2615372,0.418643,0.19112119,0.26437077,0.32044277,0.44461697,0.32261053,0.33366495,0.30455047,0.28693852,0.27451986,0.31110495,0.28177607,0.51339674,0.22997916,0.1655387,0.21679649,0.31616327,0.21347298,0.67500746,0.2714094,0.23045811,0.20607305,0.32881352,0.29186946,0.3451779,0.24656463,0.39283866,1.0000002,0.35255253,0.22332706,0.23586066,0.30742228,0.2828713,0.54728734,0.26417798,0.29481727,0.19591002,0.26261908,0.252951,0.44638118,0.38903317,0.26193815,0.29270485,0.36865216,0.32774627,0.2464131,0.55654,0.24019402,0.6316998,0.21974933,0.29171544,0.19783267,0.37935024,0.3825134,0.39016497,0.3035205,0.24442774,0.2335265,0.20737246,0.48682216,0.31653443,0.2935093,0.29466152,0.22218436,0.3563233,0.6320903,0.2646086,0.20402539,0.32337764,0.22733715,0.5246401,0.29482663,0.28130642
981f2702-aad7-4e05-93c3-a7ce9842ac8d,0.34097624,0.54054534,0.30082226,0.4277477,0.42953938,0.3733666,0.38470793,0.37843776,0.499123,0.31535053,0.3315267,0.3797899,0.35872385,0.49834576,0.41457146,0.24778962,0.35266626,0.32643858,0.28974545,0.32501006,0.3792937,0.4076503,0.35088456,0.43425888,0.4888177,0.4775441,0.43360347,0.40422866,0.28127718,0.4884262,0.35482097,0.46733254,0.34655815,0.3653794,0.40489578,0.24518321,0.34927687,0.4376249,0.3290223,0.45510435,0.27012083,0.46279013,0.32767156,0.3351764,0.46452317,0.35255253,1.0,0.4054845,0.45452064,0.39318943,0.46023774,0.29783118,0.3908493,0.34863642,0.33618474,0.4586483,0.37831232,0.3626984,0.406043,0.38739336,0.35176694,0.5032226,0.26197755,0.41742176,0.29046077,0.3677519,0.3849169,0.35433862,0.41729456,0.29763865,0.3405853,0.3793832,0.39711002,0.37899715,0.38837016,0.46514228,0.3495354,0.3415745,0.31879464,0.43009472,0.51187927,0.3724293,0.47680962,0.49672106,0.45300755,0.4187007,0.49799374,0.40072608,0.4024355,0.4692005,0.37009135
9af1d8d4-5adc-47be-ac53-a76cac057570,0.37015337,0.53538775,0.2137677,0.5550146,0.63252306,0.39308423,0.38428655,0.35695273,0.39061147,0.28843623,0.21457358,0.30526644,0.39711133,0.36071873,0.47880682,0.20953475,0.23388134,0.5014876,0.19846806,0.29166526,0.42966235,0.2938523,0.36967683,0.3069719,0.3543471,0.30148286,0.33990175,0.30808216,0.2586728,0.46090025,0.32205713,0.40522534,0.39120466,0.4116704,0.35170573,0.34724227,0.23215142,0.4430198,0.43452752,0.35035542,0.25769618,0.3938489,0.2588815,0.46419418,0.42265993,0.22332706,0.4054845,1.0000001,0.4250406,0.2919808,0.38997155,0.26544815,0.37810814,0.5196496,0.5763111,0.33625874,0.32490852,0.33990535,0.32673752,0.3386852,0.33576405,0.32063413,0.25669575,0.34095216,0.25206724,0.38227376,0.27407986,0.6668239,0.32040423,0.45661372,0.28784868,0.33538967,0.26501894,0.5209098,0.47334072,0.37858835,0.2963851,0.33392343,0.2433249,0.3048384,0.5820965,0.41594437,0.357043,0.28898564,0.37611696,0.83995223,0.34163037,0.36200106,0.29420704,0.39263374,0.46208513
9ecbe534-b26b-44e5-a6d6-601865aa69ed,0.41772014,0.470048,0.22940499,0.38683927,0.6446773,0.3936328,0.40940505,0.64594245,0.43202588,0.26529175,0.24076903,0.30888343,0.4348672,0.33249885,0.3867064,0.25606823,0.23479898,0.47412583,0.23834155,0.28663373,0.43048263,0.284546,0.29849127,0.3719327,0.43278503,0.31310785,0.42629865,0.36918336,0.24824157,0.3487813,0.28540102,0.5144299,0.4569269,0.4058365,0.4154113,0.33487594,0.2296613,0.43895355,0.39006165,0.3395818,0.3231965,0.44645008,0.37358403,0.42319226,0.46349978,0.23586066,0.45452064,0.4250406,1.0,0.3353423,0.33555937,0.30001605,0.4036145,0.45163113,0.4028808,0.6049763,0.8328656,0.37911183,0.28987873,0.42094597,0.3219424,0.36775845,0.2720007,0.3805765,0.27159238,0.438569,0.27086258,0.5117483,0.3980587,0.34559104,0.22424716,0.35083336,0.24165878,0.47213382,0.42277622,0.39365953,0.35381368,0.28396714,0.28336605,0.29785424,0.52049744,0.44825584,0.40833753,0.30252972,0.39642018,0.4785238,0.44742507,0.41738755,0.34353656,0.36296028,0.3595538
a2e2aacf-6fac-469b-b845-714774f10c1e,0.4521694,0.35597414,0.27913758,0.35320184,0.33074644,0.33239335,0.29643542,0.32693872,0.4302566,0.28238666,0.19825578,0.3349528,0.403142,0.32622102,0.4103153,0.20592907,0.30742574,0.40484717,0.28441063,0.24975675,0.37054735,0.32713714,0.29337862,0.2939791,0.4421446,0.37152547,0.43659428,0.22581388,0.32542914,0.3429094,0.32716614,0.3434623,0.34910434,0.4032231,0.42060453,0.21870488,0.2708753,0.35170376,0.30645698,0.39479995,0.31613773,0.3692659,0.31148756,0.28374666,0.4370408,0.30742228,0.39318943,0.2919808,0.3353423,0.99999994,0.34339616,0.3245857,0.4034455,0.36614478,0.3086683,0.35055643,0.25704256,0.33408415,0.30893633,0.3501135,0.32423216,0.4164688,0.2571089,0.37954968,0.2589667,0.393215,0.3853338,0.3720815,0.7109892,0.30351454,0.35083193,0.3444093,0.37527388,0.3631031,0.36974198,0.275828,0.34408522,0.28208518,0.3213572,0.30272132,0.4380052,0.32198262,0.41833276,0.3864947,0.27580392,0.3279639,0.47325024,0.38897717,0.3371781,0.34642392,0.35180834
a3d2403e-7830-4f71-b17c-0b545b2d06f7,0.35730577,0.44970667,0.24471855,0.37113124,0.36121216,0.39926332,0.37583923,0.26209795,0.48654503,0.48794806,0.34902936,0.42534575,0.37713027,0.42748076,0.3452093,0.42721412,0.42815292,0.39502788,0.40869415,0.23252925,0.36540744,0.27530658,0.41294158,0.35628146,0.4080981,0.49612474,0.33694655,0.305686,0.36675698,0.64661294,0.4621812,0.40272772,0.3181944,0.38830328,0.31910062,0.3141456,0.27239636,0.39105105,0.22253415,0.33605182,0.15559751,0.42252088,0.2981558,0.35177085,0.45938092,0.2828713,0.46023774,0.38997155,0.33555937,0.34339616,1.0,0.3151353,0.46547827,0.340214,0.3369493,0.32522598,0.29592907,0.31928214,0.4001162,0.41286382,0.44988653,0.4051219,0.27664083,0.41870078,0.41950735,0.34122542,0.36933777,0.32201564,0.3241472,0.29018638,0.31144917,0.3865376,0.23504299,0.39593065,0.39524353,0.42173153,0.41609335,0.38035983,0.22854388,0.4556077,0.4136966,0.4347501,0.38072267,0.4137172,0.4681584,0.3987068,0.5361663,0.30729184,0.3768254,0.5058012,0.31129485
a7f2b660-e1d9-41d2-9547-c54d2d2aa8d9,0.24243006,0.3449288,0.45069438,0.2290043,0.27643353,0.237162,0.20316285,0.2662768,0.42388642,0.21342584,0.19860739,0.53969145,0.24978895,0.34923387,0.27037925,0.44643676,0.44857702,0.3040045,0.5084382,0.2059004,0.27402693,0.3597927,0.64725184,0.2867592,0.3587004,0.25346136,0.3160093,0.2598184,0.29623407,0.34157664,0.60312414,0.31290835,0.2550284,0.20640449,0.3437256,0.28452396,0.6953479,0.31149456,0.22875702,0.24516279,0.40204608,0.36346793,0.4047072,0.28088135,0.5093057,0.54728734,0.29783118,0.26544815,0.30001605,0.3245857,0.3151353,1.0000001,0.25362682,0.27710402,0.18045172,0.32776004,0.2857914,0.37696114,0.34735876,0.29830956,0.25952452,0.36289674,0.2715542,0.34061795,0.49572515,0.23628145,0.6169219,0.2055292,0.27651656,0.24574044,0.34648153,0.44129843,0.5498871,0.34772313,0.26582733,0.22682089,0.34514225,0.43742394,0.3795759,0.36774707,0.29006594,0.32099545,0.45776325,0.4917763,0.2594013,0.25520566,0.38222697,0.2470233,0.38038433,0.26375458,0.31565386
a8b7caf6-c76c-4102-a01e-9f1f036a1096,0.50370586,0.43109053,0.24543911,0.43510973,0.34382665,0.6087626,0.3328317,0.31050467,0.522882,0.31894785,0.37259656,0.35492456,0.5920128,0.44607055,0.28287533,0.3183156,0.34598717,0.3160842,0.31940103,0.27521604,0.6381491,0.37203333,0.35264143,0.31780785,0.4020723,0.41902635,0.38678485,0.24775553,0.26929393,0.4124093,0.34966835,0.5009949,0.43103665,0.6299281,0.2862212,0.36486214,0.2243949,0.42812723,0.23835188,0.33509624,0.1876075,0.48960742,0.25681183,0.34258938,0.44188416,0.26417798,0.3908493,0.37810814,0.4036145,0.4034455,0.46547827,0.25362682,1.0,0.2900424,0.33580604,0.33312958,0.32942462,0.26370224,0.32211235,0.45007873,0.42717987,0.34774083,0.24047755,0.37948197,0.33814994,0.58252215,0.29049018,0.36605066,0.39797658,0.3212178,0.26598635,0.36129743,0.27698708,0.38098884,0.6253182,0.32538152,0.35074288,0.31075627,0.2508639,0.361214,0.39484766,0.5570629,0.45228663,0.2798757,0.2956709,0.3831529,0.5892099,0.36691666,0.36940053,0.36183545,0.24115083
acafb721-820a-4382-9ccb-af7cd28de301,0.40734643,0.41108495,0.27148154,0.42234236,0.6247452,0.36990386,0.37593952,0.31033802,0.315476,0.23986855,0.20857476,0.2480355,0.317648,0.32719254,0.72871983,0.2676766,0.30388495,0.7935188,0.2669592,0.25994712,0.32849285,0.32130873,0.26518425,0.36926737,0.3728398,0.3216689,0.30663586,0.30498773,0.28873506,0.35943177,0.30107954,0.3087679,0.27240992,0.37364477,0.3302524,0.29613143,0.28749806,0.35425878,0.50748724,0.33219665,0.3333905,0.33116066,0.37274414,0.5255786,0.3780414,0.29481727,0.34863642,0.5196496,0.45163113,0.36614478,0.340214,0.27710402,0.2900424,0.99999994,0.4220487,0.36899498,0.4519741,0.316316,0.26605028,0.34212592,0.30576003,0.3419949,0.23341064,0.40857583,0.27532855,0.29450724,0.3283919,0.5652652,0.31765437,0.28904137,0.29920602,0.3121797,0.25581723,0.73912656,0.34965897,0.31709743,0.3615386,0.3536272,0.24508445,0.2938658,0.49684155,0.28077674,0.3156404,0.3701526,0.3439928,0.5326181,0.34698027,0.3002267,0.35082638,0.33205497,0.7804449
ad7aee3d-0fb0-476b-9998-b237f6dd6513,0.34745753,0.3864494,0.22050464,0.7091961,0.61461604,0.29063153,0.3429003,0.39974228,0.24938533,0.26764834,0.25744724,0.29595196,0.32276487,0.37404317,0.43025753,0.21706416,0.19540352,0.46896946,0.24227117,0.25065738,0.2985288,0.25566706,0.26836807,0.2986285,0.3744616,0.33666134,0.48998162,0.30010158,0.18981998,0.3104172,0.26874232,0.32659128,0.29032004,0.3695781,0.30684367,0.2714287,0.18827358,0.3168954,0.46690685,0.40833554,0.24573728,0.34470177,0.20401326,0.4052118,0.37510175,0.19591002,0.33618474,0.5763111,0.4028808,0.3086683,0.3369493,0.18045172,0.33580604,0.4220487,1.0,0.27856234,0.293208,0.22021925,0.32384604,0.37880263,0.34319526,0.28887916,0.28890616,0.36444792,0.24967638,0.33520716,0.21313311,0.6731447,0.3179893,0.5196898,0.27028012,0.2920974,0.23709464,0.4335522,0.33355048,0.3163572,0.27696165,0.2970596,0.18732643,0.3145342,0.57755166,0.32676134,0.24423763,0.23418264,0.26651144,0.6164608,0.29501545,0.44639125,0.30262715,0.43962413,0.37903592
ae404ce5-f14e-4aa9-9fa0-7730083fb0b6,0.4065337,0.40613157,0.3313365,0.2893776,0.43703562,0.36768115,0.28231585,0.54053426,0.37419122,0.23959151,0.2822873,0.3009425,0.33264413,0.31544232,0.38676384,0.24786425,0.30530882,0.32847422,0.2387652,0.2780827,0.36883146,0.33806336,0.33562112,0.488864,0.4409634,0.2913226,0.34363508,0.54542243,0.34725076,0.3324294,0.34087896,0.3955242,0.36462086,0.33399904,0.4508168,0.28806627,0.3007263,0.35049662,0.3943551,0.34136802,0.3395515,0.392513,0.267363,0.4434292,0.3541574,0.26261908,0.4586483,0.33625874,0.6049763,0.35055643,0.32522598,0.32776004,0.33312958,0.36899498,0.27856234,1.0,0.64575326,0.33780843,0.39856315,0.3058453,0.4052319,0.42532927,0.39558205,0.33293852,0.26347747,0.37590703,0.3078768,0.3157434,0.38863838,0.23773144,0.2755429,0.35877606,0.31004208,0.36341655,0.36696965,0.31039727,0.39085665,0.29180372,0.30769587,0.26613453,0.4866805,0.3581405,0.4184056,0.34687784,0.580166,0.35106748,0.38718155,0.34961915,0.30033964,0.3324354,0.4017219
b6075548-540c-43b2-8d9f-4f3098b93ff5,0.37346834,0.37870303,0.24004751,0.28302568,0.5503206,0.34804344,0.3205282,0.6539165,0.34804887,0.25561425,0.29457867,0.27032098,0.32927418,0.27748954,0.35531837,0.30375117,0.2634363,0.40548778,0.2384978,0.2670818,0.34553844,0.23863247,0.29636914,0.39371216,0.37559307,0.30543196,0.29101902,0.40466782,0.27461892,0.29755014,0.28893498,0.38657933,0.35464817,0.31062746,0.36358857,0.34087953,0.2630602,0.33209458,0.349527,0.27163535,0.3251977,0.35656697,0.32864553,0.41825566,0.3697421,0.252951,0.37831232,0.32490852,0.8328656,0.25704256,0.29592907,0.2857914,0.32942462,0.4519741,0.293208,0.64575326,1.0000001,0.34550846,0.30882025,0.36351624,0.33459976,0.31689462,0.34377035,0.32628375,0.3001728,0.35986304,0.2594044,0.37983555,0.31570157,0.26104015,0.22134092,0.3301656,0.21811408,0.4319747,0.33804163,0.33257163,0.33510828,0.26879385,0.30831018,0.21724012,0.43820673,0.3426168,0.34333652,0.31773424,0.4069288,0.353465,0.37452877,0.33279505,0.31354055,0.32733393,0.36368912
b73a3e33-c270-4144-8a8e-c6abd315fb2e,0.29292405,0.38375214,0.3276925,0.22994456,0.26399943,0.2533049,0.32938188,0.24332573,0.3760081,0.23330253,0.23040739,0.40159357,0.28769082,0.29726577,0.3439177,0.3215366,0.35518897,0.30673915,0.31071916,0.24994224,0.28192213,0.3271045,0.3650542,0.25481123,0.3328846,0.25969127,0.29794562,0.24561536,0.2749523,0.35248792,0.37306398,0.32287937,0.26834267,0.21044585,0.36498684,0.27034485,0.3242007,0.3304866,0.2689697,0.2991315,0.32632804,0.35036027,0.45565283,0.3735214,0.33783615,0.44638118,0.3626984,0.33990535,0.37911183,0.33408415,0.31928214,0.37696114,0.26370224,0.316316,0.22021925,0.33780843,0.34550846,1.0,0.2566812,0.45391056,0.2819891,0.28011388,0.19887505,0.29841292,0.34639862,0.27763975,0.5722151,0.3026374,0.31623915,0.22486812,0.30000967,0.3499127,0.3701428,0.33333293,0.26108986,0.37406665,0.3110196,0.40733302,0.29115874,0.25182614,0.3301152,0.3210467,0.35840553,0.4757592,0.3217619,0.29904443,0.35284737,0.27703542,0.3459111,0.3190047,0.34984103
b85903b3-161f-4600-a267-d59fb2e5e1a9,0.25404567,0.4726925,0.2217834,0.33871788,0.3724606,0.31208867,0.22734106,0.25968564,0.31732026,0.3446517,0.32383892,0.3854449,0.286435,0.3299363,0.29484212,0.40793604,0.3653978,0.25217184,0.34519434,0.35249287,0.32219914,0.27003407,0.482687,0.4154369,0.30964386,0.38817257,0.28593022,0.37740484,0.3904368,0.34772405,0.47569352,0.25454867,0.21526267,0.29303706,0.30906326,0.26519144,0.41088182,0.30597526,0.28903452,0.35475877,0.23461932,0.35569343,0.21893072,0.38982973,0.42854044,0.38903317,0.406043,0.32673752,0.28987873,0.30893633,0.4001162,0.34735876,0.32211235,0.26605028,0.32384604,0.39856315,0.30882025,0.2566812,0.9999999,0.3733526,0.65812165,0.32161257,0.64986086,0.32361072,0.4171144,0.34856147,0.35443264,0.3309278,0.30168426,0.2611222,0.3793828,0.4650904,0.30774754,0.315448,0.34949553,0.27691188,0.27983788,0.33666706,0.281706,0.32873106,0.4036833,0.3250205,0.35283768,0.4058923,0.40088493,0.29174367,0.35474473,0.29784742,0.49020356,0.38373244,0.23246649
bb83d753-0429-4747-8236-b50e219ec0c7,0.38834548,0.4486146,0.28551704,0.38253483,0.407295,0.4267473,0.34781379,0.27929607,0.40124524,0.30669153,0.3185331,0.42092696,0.43815017,0.4325677,0.3202203,0.27192557,0.34716034,0.42301846,0.37671608,0.22447355,0.41869694,0.31305385,0.3655826,0.37499365,0.41359282,0.43808937,0.4082722,0.30845708,0.2563085,0.36272514,0.36524457,0.39027566,0.3620461,0.43765527,0.3957435,0.302665,0.2553037,0.44547978,0.2853559,0.39240238,0.2418164,0.48925206,0.36613542,0.3858072,0.42355502,0.26193815,0.38739336,0.3386852,0.42094597,0.3501135,0.41286382,0.29830956,0.45007873,0.34212592,0.37880263,0.3058453,0.36351624,0.45391056,0.3733526,1.0,0.4348722,0.33785582,0.27783173,0.3978467,0.3177824,0.4382113,0.30730614,0.42216575,0.35848898,0.29688936,0.3020559,0.36462986,0.26491818,0.43599612,0.46212646,0.30918556,0.34621423,0.3241474,0.25397342,0.38511774,0.40644455,0.45429197,0.40434402,0.31413758,0.3213168,0.39798063,0.4369604,0.39228046,0.36865702,0.38174462,0.28220147
bbfecab0-aa7e-4847-86a4-87cf2c608d41,0.35427523,0.52219,0.27711064,0.37444603,0.3520531,0.4204262,0.22809044,0.2694405,0.3398661,0.37909555,0.36170378,0.3564995,0.30346397,0.34879857,0.30790427,0.3333937,0.35404015,0.3081119,0.2891587,0.30147034,0.4252473,0.35817337,0.39726937,0.49938363,0.3547622,0.4668721,0.29885867,0.42672157,0.35490438,0.33796725,0.3993894,0.2546817,0.23575729,0.36876726,0.33789665,0.29566932,0.28713673,0.31208783,0.30076256,0.3638988,0.22814009,0.42230913,0.2203885,0.41260532,0.4083545,0.29270485,0.35176694,0.33576405,0.3219424,0.32423216,0.44988653,0.25952452,0.42717987,0.30576003,0.34319526,0.4052319,0.33459976,0.2819891,0.65812165,0.4348722,0.99999994,0.3312527,0.582023,0.32189572,0.354796,0.40306756,0.28204376,0.36193064,0.3114903,0.29609084,0.36379632,0.41435793,0.25769925,0.41354406,0.44053188,0.22795069,0.31451017,0.2900252,0.27168995,0.33190864,0.39177915,0.4062273,0.3552215,0.30599096,0.4051492,0.31902286,0.37766272,0.28772938,0.39572692,0.45706266,0.2657886
bc3cbcb7-e622-42b8-b474-5771f4dd1213,0.49309537,0.45220459,0.3392803,0.3380704,0.37444597,0.4108677,0.34579688,0.36613104,0.5338714,0.28443068,0.30441833,0.32731578,0.33200893,0.39419022,0.3346884,0.26079476,0.3343653,0.29843962,0.29032934,0.26133075,0.41235,0.45414504,0.39054364,0.470003,0.68981063,0.4107255,0.42626747,0.3607651,0.29760227,0.38590288,0.34121472,0.40356666,0.37212375,0.39214638,0.56694,0.26170433,0.37500435,0.490527,0.28287685,0.34817177,0.36071903,0.5652051,0.35185653,0.25845498,0.4335072,0.36865216,0.5032226,0.32063413,0.36775845,0.4164688,0.4051219,0.36289674,0.34774083,0.3419949,0.28887916,0.42532927,0.31689462,0.28011388,0.32161257,0.33785582,0.3312527,1.0,0.29837847,0.41355336,0.32583866,0.38556117,0.3729138,0.29075265,0.38737154,0.24930882,0.32289362,0.36273515,0.38027102,0.38682148,0.40854475,0.35329366,0.398144,0.28292456,0.34035563,0.3847615,0.4691751,0.42328942,0.5660555,0.41940305,0.40124232,0.33782092,0.5261586,0.32885468,0.3609495,0.35479623,0.35983613
bd604ca2-c559-4abb-bcdd-04daccdf7a26,0.27123868,0.29411155,0.1335717,0.33859217,0.3021201,0.31385607,0.19386794,0.30384696,0.26341152,0.2495825,0.2938153,0.24607173,0.21109049,0.23141879,0.23268722,0.22699222,0.20051378,0.19233838,0.23174155,0.26135296,0.3313999,0.2066375,0.31812918,0.44658768,0.24138503,0.3091414,0.26293296,0.43971604,0.291487,0.26301062,0.3421958,0.18113586,0.19516772,0.26511586,0.28633404,0.19306499,0.29342633,0.26966527,0.255257,0.24885395,0.18768972,0.2592572,0.19227436,0.29107445,0.29857886,0.32774627,0.26197755,0.25669575,0.2720007,0.2571089,0.27664083,0.2715542,0.24047755,0.23341064,0.28890616,0.39558205,0.34377035,0.19887505,0.64986086,0.27783173,0.582023,0.29837847,1.0,0.20679006,0.28453967,0.32031292,0.25895622,0.22919336,0.23736891,0.24063207,0.2732461,0.23322017,0.24868615,0.29032707,0.32366633,0.19734272,0.18428561,0.24482796,0.25430328,0.21868646,0.3362923,0.26671597,0.25737727,0.2698834,0.39954764,0.21504399,0.23346525,0.25920108,0.28791946,0.3795355,0.24356318
c84dbcad-737e-424d-9976-82b210006375,0.35400286,0.42834502,0.3785522,0.4925813,0.39293307,0.34567904,0.36002392,0.2666663,0.3907256,0.3827943,0.35520014,0.37344652,0.3896328,0.45497945,0.38778803,0.27081951,0.37474203,0.4175295,0.3785115,0.29859534,0.37663093,0.39535707,0.376069,0.342891,0.38394076,0.363516,0.41708583,0.27111766,0.298296,0.4200164,0.31341055,0.33797938,0.33056018,0.39005482,0.39157373,0.33115277,0.372111,0.40910792,0.27488464,0.6131531,0.4091794,0.47114915,0.38216692,0.33001903,0.45052725,0.2464131,0.41742176,0.34095216,0.3805765,0.37954968,0.41870078,0.34061795,0.37948197,0.40857583,0.36444792,0.33293852,0.32628375,0.29841292,0.32361072,0.3978467,0.32189572,0.41355336,0.20679006,1.0,0.318702,0.35486132,0.35568827,0.38729393,0.3400691,0.37788886,0.3806318,0.29589504,0.3792606,0.41448614,0.3922768,0.34186655,0.43649855,0.37385207,0.30737102,0.3786772,0.4018072,0.36772555,0.4293352,0.36918092,0.3032417,0.38363707,0.4348463,0.45769352,0.34801736,0.41542017,0.36540937
cd6adfa1-7bac-4768-8ae0-32e6ded68a56,0.36665124,0.38756388,0.35943294,0.28736013,0.24605176,0.28825802,0.26934218,0.24772483,0.40238664,0.30763578,0.35105485,0.44924754,0.25397167,0.3200189,0.2182574,0.8977767,0.482737,0.2694905,0.5042646,0.21487355,0.2933572,0.34606794,0.51173383,0.3175829,0.34712833,0.31481433,0.29639584,0.24431397,0.29111913,0.3327946,0.53412414,0.2977606,0.24873981,0.2663456,0.28220433,0.30089664,0.56566274,0.31958443,0.17891456,0.23645534,0.32692188,0.39569443,0.33821428,0.24913687,0.45044905,0.55654,0.29046077,0.25206724,0.27159238,0.2589667,0.41950735,0.49572515,0.33814994,0.27532855,0.24967638,0.26347747,0.3001728,0.34639862,0.4171144,0.3177824,0.354796,0.32583866,0.28453967,0.318702,0.9999999,0.2526782,0.52651817,0.25030264,0.26121336,0.27369845,0.3154859,0.39425668,0.31053448,0.32453543,0.30089855,0.30350596,0.32478446,0.43431255,0.2912107,0.382537,0.31504917,0.28477877,0.40981114,0.4298011,0.26775593,0.25131285,0.45069307,0.23110431,0.434938,0.33820423,0.24028511
ce9e8400-261a-48fd-9902-02f1d2d38d2d,0.5629941,0.40871722,0.21175098,0.3644225,0.39363134,0.67655456,0.30175543,0.3888011,0.4563601,0.30489582,0.2602833,0.33199534,0.5269437,0.37544668,0.33063224,0.16325404,0.25073153,0.33520365,0.27175695,0.25766185,0.8768753,0.3375774,0.32232955,0.31439814,0.41467658,0.40183645,0.37889478,0.27649963,0.32504427,0.32886833,0.30466723,0.49678203,0.4628939,0.60798657,0.3643304,0.32850826,0.21132518,0.48873144,0.32867777,0.37049606,0.25948402,0.473108,0.2360291,0.3474751,0.4625429,0.24019402,0.3677519,0.38227376,0.438569,0.393215,0.34122542,0.23628145,0.58252215,0.29450724,0.33520716,0.37590703,0.35986304,0.27763975,0.34856147,0.4382113,0.40306756,0.38556117,0.32031292,0.35486132,0.2526782,1.0,0.19295618,0.40237325,0.40036678,0.28909183,0.27210295,0.3493259,0.2354972,0.3883284,0.7366096,0.3055585,0.3279537,0.28801617,0.2594595,0.32573637,0.4231459,0.54101217,0.4599084,0.2919626,0.29031634,0.41287968,0.45068544,0.4020544,0.3515883,0.32145232,0.28601953
cecd6ef0-729b-4654-b593-163d846e9f03,0.33381855,0.34943128,0.4282875,0.2845047,0.27808028,0.2613165,0.29189107,0.22944358,0.4652258,0.27289557,0.31910405,0.4655356,0.2653013,0.3323536,0.28558874,0.5161034,0.5277541,0.27456367,0.48672765,0.26330775,0.21804959,0.4023718,0.5549543,0.35018492,0.37256467,0.3190467,0.3010711,0.2485771,0.30259556,0.33494288,0.48339975,0.2929249,0.1855568,0.20553094,0.35507965,0.3066469,0.556795,0.30241215,0.18817072,0.2673908,0.33909297,0.37390107,0.44134903,0.2625713,0.40945548,0.6316998,0.3849169,0.27407986,0.27086258,0.3853338,0.36933777,0.6169219,0.29049018,0.3283919,0.21313311,0.3078768,0.2594044,0.5722151,0.35443264,0.30730614,0.28204376,0.3729138,0.25895622,0.35568827,0.52651817,0.19295618,1.0000002,0.2200507,0.34886503,0.2528953,0.38237172,0.42281607,0.5282801,0.28728244,0.24739882,0.33502674,0.39303395,0.44936222,0.34998885,0.34556314,0.31359982,0.2795602,0.48644412,0.5499542,0.28070778,0.24867328,0.43216902,0.24463661,0.41317254,0.35499805,0.285788
d18a2ff3-ff62-4a18-b0a5-d612f43ad665,0.3112644,0.5025613,0.16103753,0.6157062,0.7045659,0.33774844,0.36261994,0.33116844,0.25476268,0.26830918,0.2127144,0.28350678,0.42400244,0.3514408,0.46655247,0.20175609,0.19592449,0.6145737,0.18950859,0.27469423,0.38913244,0.2688957,0.25054866,0.29156193,0.3761504,0.28612208,0.4318316,0.29468635,0.21890157,0.40188473,0.25910258,0.381071,0.4225528,0.4290498,0.32583117,0.3102496,0.18688999,0.41532117,0.40343648,0.42967555,0.25062573,0.35685992,0.26719272,0.42825645,0.39787817,0.21974933,0.35433862,0.6668239,0.5117483,0.3720815,0.32201564,0.2055292,0.36605066,0.5652652,0.6731447,0.3157434,0.37983555,0.3026374,0.3309278,0.42216575,0.36193064,0.29075265,0.22919336,0.38729393,0.25030264,0.40237325,0.2200507,1.0000002,0.40177754,0.50018185,0.27799734,0.31593272,0.21556109,0.5203388,0.38515627,0.34832245,0.24401912,0.28466856,0.19139999,0.32173193,0.5554235,0.3320068,0.30463353,0.24929139,0.3362041,0.681605,0.2948912,0.49640405,0.32886064,0.34700236,0.4313095
d24b6c14-5154-44f8-821b-ca73a50ed231,0.43483374,0.36839747,0.2520259,0.3711309,0.39225382,0.35169485,0.23978776,0.33712626,0.41200697,0.25282973,0.25900847,0.30234462,0.41642213,0.33047187,0.36874795,0.21685329,0.28656656,0.38521522,0.2718426,0.2507773,0.37120026,0.31275854,0.3046939,0.28995264,0.41720963,0.32393366,0.43712962,0.28718543,0.31480196,0.3114321,0.289904,0.4498093,0.428579,0.3900904,0.41590875,0.26255152,0.2772114,0.31130636,0.33761036,0.40257296,0.29984063,0.3487943,0.29808557,0.30218676,0.43011713,0.29171544,0.41729456,0.32040423,0.3980587,0.7109892,0.3241472,0.27651656,0.39797658,0.31765437,0.3179893,0.38863838,0.31570157,0.31623915,0.30168426,0.35848898,0.3114903,0.38737154,0.23736891,0.3400691,0.26121336,0.40036678,0.34886503,0.40177754,1.0,0.30875444,0.31299093,0.36166412,0.3593356,0.32354838,0.38802058,0.26011738,0.30954212,0.2833446,0.31243318,0.3050217,0.4566504,0.35851902,0.3902563,0.368856,0.3140922,0.37659493,0.40999353,0.39523765,0.38015458,0.32341293,0.31957924
d78911ea-9ae5-4d84-a1f1-9436e13c1c80,0.24869493,0.33162406,0.21320525,0.6436043,0.44341475,0.22993219,0.33534235,0.31360355,0.24329421,0.2854182,0.23677114,0.31329837,0.39115754,0.3493524,0.260958,0.2282588,0.24161114,0.3250627,0.18490826,0.22799924,0.3063299,0.30333984,0.2840156,0.21486467,0.33950457,0.28633717,0.37834862,0.21471004,0.21779156,0.33680433,0.2512014,0.3713662,0.44811654,0.36779392,0.29447517,0.29856497,0.19735274,0.37394446,0.2685551,0.4796381,0.17370647,0.29818156,0.20657246,0.25808564,0.3567081,0.19783267,0.29763865,0.45661372,0.34559104,0.30351454,0.29018638,0.24574044,0.3212178,0.28904137,0.5196898,0.23773144,0.26104015,0.22486812,0.2611222,0.29688936,0.29609084,0.24930882,0.24063207,0.37788886,0.27369845,0.28909183,0.2528953,0.50018185,0.30875444,0.9999999,0.30225375,0.23655288,0.28897017,0.34530544,0.29044345,0.32117516,0.25718796,0.25394645,0.17046377,0.24642779,0.41087234,0.33785295,0.2833294,0.22668229,0.23677325,0.50152516,0.29164922,0.5011635,0.26126888,0.40323275,0.24437362
da20530f-91b4-4e56-b6cd-52dec49a51a2,0.24092895,0.38381708,0.33254385,0.34999627,0.276725,0.25519854,0.20233627,0.26619327,0.28848666,0.2982029,0.26771986,0.3548315,0.24354604,0.33937687,0.40522125,0.2776857,0.4197616,0.33360207,0.33400092,0.26095307,0.27441508,0.3691297,0.42812127,0.29988617,0.3524858,0.40177298,0.34935084,0.28905678,0.48095137,0.30411592,0.38287246,0.2292147,0.22240555,0.26613015,0.38290685,0.32310975,0.44452545,0.28174204,0.33035013,0.39244762,0.35025057,0.27792233,0.268481,0.33728403,0.40068394,0.37935024,0.3405853,0.28784868,0.22424716,0.35083193,0.31144917,0.34648153,0.26598635,0.29920602,0.27028012,0.2755429,0.22134092,0.30000967,0.3793828,0.3020559,0.36379632,0.32289362,0.2732461,0.3806318,0.3154859,0.27210295,0.38237172,0.27799734,0.31299093,0.30225375,0.9999999,0.47141686,0.47712883,0.29959297,0.29228824,0.25305855,0.2567802,0.3087998,0.2967261,0.22485219,0.28405818,0.25520572,0.37081513,0.44711846,0.2487088,0.26234752,0.34091967,0.31575096,0.39859837,0.31292784,0.30894846
da2ac117-9838-494e-8d09-ea0dc0698408,0.28832072,0.39557767,0.3527924,0.2769361,0.36263993,0.3204869,0.24068324,0.28472203,0.40402293,0.23817176,0.24121112,0.47620255,0.33126563,0.33941343,0.33422,0.39381218,0.49362963,0.34709018,0.426508,0.26224598,0.3355657,0.33589607,0.54210246,0.3231548,0.49066046,0.40344578,0.33689648,0.2594827,0.4481423,0.30222738,0.48696303,0.41812947,0.28703278,0.31933004,0.3976125,0.35418385,0.44946453,0.36346483,0.3271599,0.3052503,0.29458773,0.42249256,0.29742897,0.4668058,0.4664541,0.3825134,0.3793832,0.33538967,0.35083336,0.3444093,0.3865376,0.44129843,0.36129743,0.3121797,0.2920974,0.35877606,0.3301656,0.3499127,0.4650904,0.36462986,0.41435793,0.36273515,0.23322017,0.29589504,0.39425668,0.3493259,0.42281607,0.31593272,0.36166412,0.23655288,0.47141686,1.0,0.4760872,0.32153106,0.35887796,0.28202823,0.3015867,0.3516,0.36558563,0.34094858,0.34547526,0.36663365,0.4926783,0.48606583,0.2817859,0.320652,0.44836813,0.30069566,0.5162377,0.29772478,0.28767377
dc773d73-beee-4f45-bd93-ddd0825f9e00,0.24321894,0.34004325,0.4377414,0.32827374,0.24838081,0.20068946,0.24931596,0.2709666,0.4026183,0.20935965,0.21627863,0.49509913,0.26422766,0.35111624,0.29246303,0.26545063,0.42399567,0.23330155,0.34104437,0.25535792,0.24471693,0.5156183,0.5619416,0.24910238,0.37809598,0.27267063,0.3565539,0.24518605,0.3226646,0.2972267,0.4621263,0.30489337,0.24985225,0.21240059,0.3991288,0.31525484,0.5707934,0.313391,0.2204062,0.33858427,0.3747122,0.35744143,0.33764324,0.21943557,0.39071745,0.39016497,0.39711002,0.26501894,0.24165878,0.37527388,0.23504299,0.5498871,0.27698708,0.25581723,0.23709464,0.31004208,0.21811408,0.3701428,0.30774754,0.26491818,0.25769925,0.38027102,0.24868615,0.3792606,0.31053448,0.2354972,0.5282801,0.21556109,0.3593356,0.28897017,0.47712883,0.4760872,1.0,0.26472026,0.24554196,0.32335344,0.28025782,0.35733223,0.49175054,0.29295906,0.26352584,0.29188967,0.4630192,0.5535152,0.25364494,0.24403334,0.37354884,0.31597638,0.36841258,0.29913178,0.31222546
dec046ae-6dc1-4cde-a72b-61ed386b358a,0.4461917,0.55748445,0.306835,0.44818765,0.59439063,0.419195,0.41203016,0.3576815,0.4603057,0.24724437,0.23647276,0.31770444,0.35801798,0.36281827,0.5869076,0.26448745,0.28641316,0.8019922,0.2599982,0.2810306,0.45664793,0.34223258,0.3525719,0.39592153,0.41975284,0.35467425,0.33164102,0.32769465,0.25694025,0.41865274,0.40594947,0.33407414,0.32584345,0.3992634,0.39875168,0.29249677,0.3607541,0.49384543,0.39138782,0.31555915,0.40286267,0.4757634,0.389233,0.41067937,0.46945935,0.3035205,0.37899715,0.5209098,0.47213382,0.3631031,0.39593065,0.34772313,0.38098884,0.73912656,0.4335522,0.36341655,0.4319747,0.33333293,0.315448,0.43599612,0.41354406,0.38682148,0.29032707,0.41448614,0.32453543,0.3883284,0.28728244,0.5203388,0.32354838,0.34530544,0.29959297,0.32153106,0.26472026,1.0000001,0.448138,0.33774576,0.40772375,0.4101051,0.2709444,0.42048985,0.4726218,0.43743291,0.42360944,0.42287338,0.4463026,0.5499052,0.43514526,0.33651593,0.40725535,0.36046666,0.7123212
e0b497d4-42c8-40cd-8fdd-a6d00825a2af,0.51662403,0.49536252,0.18036805,0.42644894,0.38978228,0.8547629,0.2909204,0.37114552,0.50868815,0.26724467,0.2808671,0.3253491,0.56313205,0.40978992,0.33629638,0.2023936,0.3018375,0.35215384,0.27277642,0.22972086,0.86048836,0.3926618,0.39773643,0.3404603,0.40162957,0.3433042,0.34619135,0.27098897,0.29917276,0.40437642,0.3511412,0.5195148,0.48899096,0.6826174,0.37056327,0.34415162,0.2337019,0.5060687,0.3259694,0.31580496,0.22371176,0.5311672,0.3068117,0.3493617,0.46470773,0.24442774,0.38837016,0.47334072,0.42277622,0.36974198,0.39524353,0.26582733,0.6253182,0.34965897,0.33355048,0.36696965,0.33804163,0.26108986,0.34949553,0.46212646,0.44053188,0.40854475,0.32366633,0.3922768,0.30089855,0.7366096,0.24739882,0.38515627,0.38802058,0.29044345,0.29228824,0.35887796,0.24554196,0.448138,1.0000002,0.27878428,0.3091733,0.28904146,0.22529104,0.30298755,0.44181237,0.6312431,0.5028085,0.29607445,0.31495756,0.42153895,0.47984448,0.3296439,0.36443532,0.3026801,0.3072016
e4bf5cf2-ba01-4837-a850-a193bb353bb0,0.3120244,0.38125715,0.27227515,0.31413543,0.4242397,0.27700603,0.7658509,0.3155919,0.3741719,0.4201588,0.29377288,0.35639173,0.34456706,0.29658186,0.32579494,0.2951132,0.31645525,0.33232218,0.26191264,0.34431916,0.28217047,0.34784892,0.29279846,0.2828159,0.3951175,0.3260506,0.32095152,0.27783507,0.28806156,0.40264046,0.29544556,0.45383024,0.36270124,0.30741835,0.3179685,0.35081017,0.2432676,0.53056896,0.23858123,0.31960797,0.27160442,0.36164147,0.35293186,0.2994706,0.33005053,0.2335265,0.46514228,0.37858835,0.39365953,0.275828,0.42173153,0.22682089,0.32538152,0.31709743,0.3163572,0.31039727,0.33257163,0.37406665,0.27691188,0.30918556,0.22795069,0.35329366,0.19734272,0.34186655,0.30350596,0.3055585,0.33502674,0.34832245,0.26011738,0.32117516,0.25305855,0.28202823,0.32335344,0.33774576,0.27878428,1.0000001,0.33797926,0.33718854,0.32182723,0.37181643,0.44093114,0.35737365,0.40360665,0.34461334,0.32185757,0.40570316,0.4254163,0.30772167,0.34641677,0.40168494,0.31632498
e74badef-cdf3-4a67-acf6-bdc4c380a005,0.42208272,0.34365386,0.46710658,0.30483907,0.33318907,0.32831615,0.30343428,0.31752986,0.42838126,0.3316251,0.30882996,0.35344845,0.29088837,0.30431998,0.34384078,0.34035772,0.35402128,0.3793586,0.37428603,0.32851896,0.31307015,0.3088801,0.38926667,0.3183586,0.40654683,0.36823636,0.29365125,0.24042986,0.28931683,0.36778712,0.35991502,0.32077312,0.2521716,0.28474587,0.36273634,0.37811202,0.2813558,0.3105753,0.23270161,0.3900805,0.32266423,0.41838884,0.34489816,0.30784166,0.43335778,0.20737246,0.3495354,0.2963851,0.35381368,0.34408522,0.41609335,0.34514225,0.35074288,0.3615386,0.27696165,0.39085665,0.33510828,0.3110196,0.27983788,0.34621423,0.31451017,0.398144,0.18428561,0.43649855,0.32478446,0.3279537,0.39303395,0.24401912,0.30954212,0.25718796,0.2567802,0.3015867,0.28025782,0.40772375,0.3091733,0.33797926,0.99999994,0.3760237,0.32549983,0.32946885,0.44147322,0.34006166,0.40555406,0.3054054,0.33068895,0.33671433,0.43249696,0.30012244,0.27403584,0.37672928,0.33470452
e7710aa7-517b-4193-80be-06f518f0cf5d,0.3024581,0.37458175,0.36600292,0.31429544,0.27262327,0.2739511,0.2823643,0.3175861,0.39093956,0.29733562,0.2709203,0.61489415,0.28268376,0.38485825,0.35051438,0.38609856,0.504597,0.37732986,0.43821782,0.25396,0.29619554,0.2820727,0.44707835,0.24104954,0.3059186,0.28692394,0.28375292,0.22055587,0.30452478,0.36279553,0.57370275,0.32444307,0.2467863,0.24848783,0.29795414,0.29000515,0.5782851,0.34229934,0.29591835,0.2866531,0.3454634,0.3922657,0.42899722,0.37687534,0.5478579,0.48682216,0.3415745,0.33392343,0.28396714,0.28208518,0.38035983,0.43742394,0.31075627,0.3536272,0.2970596,0.29180372,0.26879385,0.40733302,0.33666706,0.3241474,0.2900252,0.28292456,0.24482796,0.37385207,0.43431255,0.28801617,0.44936222,0.28466856,0.2833446,0.25394645,0.3087998,0.3516,0.35733223,0.4101051,0.28904146,0.33718854,0.3760237,1.0000001,0.31705397,0.4223854,0.3348581,0.33962303,0.3477736,0.5547329,0.290064,0.33293924,0.3978284,0.21820311,0.57465404,0.4382173,0.37447003
e7b5cbf4-f7a5-410d-a990-4c2928eedbbb,0.26041827,0.3319102,0.43818873,0.20315006,0.257366,0.20472273,0.27320266,0.38022614,0.33931845,0.2694192,0.2812751,0.3744516,0.25286907,0.27014118,0.31585848,0.28456518,0.2846043,0.25335914,0.3755318,0.31751502,0.2540475,0.47322056,0.39348388,0.21541181,0.3499828,0.2394732,0.28374016,0.1970345,0.32973444,0.20756038,0.38479152,0.2642643,0.26466453,0.2159549,0.44274187,0.3494563,0.41735303,0.3121901,0.27909118,0.23651066,0.34415007,0.36881286,0.28035748,0.28402388,0.3418795,0.31653443,0.31879464,0.2433249,0.28336605,0.3213572,0.22854388,0.3795759,0.2508639,0.24508445,0.18732643,0.30769587,0.30831018,0.29115874,0.281706,0.25397342,0.27168995,0.34035563,0.25430328,0.30737102,0.2912107,0.2594595,0.34998885,0.19139999,0.31243318,0.17046377,0.2967261,0.36558563,0.49175054,0.2709444,0.22529104,0.32182723,0.32549983,0.31705397,1.0,0.29530358,0.27000093,0.27249515,0.40011787,0.38839972,0.22947417,0.25512072,0.3165412,0.2243852,0.30168808,0.25623143,0.3103777
e9781779-76fd-439e-a2a6-35d7127c0205,0.3448282,0.3632223,0.3378438,0.2771672,0.33607808,0.2878911,0.36484134,0.2492238,0.42135152,0.43126088,0.31676668,0.42777455,0.3344564,0.35350004,0.28070885,0.32494754,0.36797976,0.39833632,0.39281338,0.37664375,0.31456572,0.33628762,0.36721867,0.3763538,0.3894992,0.39449123,0.35418725,0.23223142,0.2660477,0.39292106,0.43879703,0.33055633,0.24937287,0.3345105,0.34097797,0.3230378,0.33995232,0.43394285,0.21600816,0.30629385,0.29531348,0.4425352,0.29319924,0.31229717,0.4535424,0.2935093,0.43009472,0.3048384,0.29785424,0.30272132,0.4556077,0.36774707,0.361214,0.2938658,0.3145342,0.26613453,0.21724012,0.25182614,0.32873106,0.38511774,0.33190864,0.3847615,0.21868646,0.3786772,0.382537,0.32573637,0.34556314,0.32173193,0.3050217,0.24642779,0.22485219,0.34094858,0.29295906,0.42048985,0.30298755,0.37181643,0.32946885,0.4223854,0.29530358,1.0,0.3041343,0.3504124,0.41201448,0.380658,0.29402107,0.34503534,0.43900818,0.29157194,0.36071306,0.40040717,0.3097309
e97a5e9f-5c63-4545-8b10-3739fa5f1a29,0.46552315,0.51733077,0.29365385,0.5197625,0.64023286,0.40070236,0.39164934,0.41481856,0.4384948,0.31737596,0.24221209,0.34648582,0.41640893,0.3403957,0.47221094,0.26435363,0.2668721,0.4735409,0.3342852,0.30412665,0.41823518,0.3539879,0.35977802,0.37830025,0.51180446,0.3425636,0.470547,0.36429453,0.2903858,0.43176043,0.35992414,0.4471413,0.4553523,0.45552027,0.42938334,0.30482155,0.2824399,0.44308013,0.45556808,0.42480296,0.31430855,0.44845313,0.3368259,0.42515773,0.5239611,0.29466152,0.51187927,0.5820965,0.52049744,0.4380052,0.4136966,0.29006594,0.39484766,0.49684155,0.57755166,0.4866805,0.43820673,0.3301152,0.4036833,0.40644455,0.39177915,0.4691751,0.3362923,0.4018072,0.31504917,0.4231459,0.31359982,0.5554235,0.4566504,0.41087234,0.28405818,0.34547526,0.26352584,0.4726218,0.44181237,0.44093114,0.44147322,0.3348581,0.27000093,0.3041343,1.0,0.43581396,0.4144128,0.32916403,0.40826306,0.6487636,0.4752904,0.46358705,0.36347213,0.40538296,0.4283045
ecb9dd82-a698-4869-a7c8-50cdf42466e5,0.48182562,0.517169,0.24983335,0.37902492,0.35423175,0.56516266,0.3758352,0.41860288,0.5463977,0.28155398,0.2527935,0.41668478,0.55309343,0.39687616,0.30311662,0.19440226,0.3267109,0.30942816,0.33380553,0.25023887,0.61949074,0.42496377,0.47425357,0.32184142,0.39571148,0.3915776,0.35245126,0.27356905,0.30606234,0.3997066,0.40448505,0.54735005,0.54681075,0.5641493,0.3532946,0.35432345,0.26958907,0.5759072,0.30943406,0.32548606,0.24705954,0.63015467,0.36741608,0.34646475,0.543534,0.22218436,0.3724293,0.41594437,0.44825584,0.32198262,0.4347501,0.32099545,0.5570629,0.28077674,0.32676134,0.3581405,0.3426168,0.3210467,0.3250205,0.45429197,0.4062273,0.42328942,0.26671597,0.36772555,0.28477877,0.54101217,0.2795602,0.3320068,0.35851902,0.33785295,0.25520572,0.36663365,0.29188967,0.43743291,0.6312431,0.35737365,0.34006166,0.33962303,0.27249515,0.3504124,0.43581396,1.0,0.5233066,0.35000587,0.3273822,0.37713975,0.54014015,0.3030474,0.3375006,0.3867271,0.28371257
ed299047-266d-4676-9a9c-554750292118,0.45005745,0.533835,0.4319166,0.288054,0.35207656,0.45114672,0.37827218,0.36199442,0.7312432,0.3194308,0.27272314,0.45245457,0.4281368,0.43320546,0.33555192,0.32644683,0.437732,0.33406913,0.41548547,0.28221208,0.5162065,0.5479965,0.50428295,0.38443393,0.5483429,0.3840149,0.40857065,0.27317816,0.37636632,0.4244402,0.4363601,0.45532292,0.44133368,0.42349002,0.5367887,0.3180263,0.45434034,0.62539506,0.27512985,0.36671677,0.41946065,0.6516947,0.3778747,0.30989903,0.5371406,0.3563233,0.47680962,0.357043,0.40833753,0.41833276,0.38072267,0.45776325,0.45228663,0.3156404,0.24423763,0.4184056,0.34333652,0.35840553,0.35283768,0.40434402,0.3552215,0.5660555,0.25737727,0.4293352,0.40981114,0.4599084,0.48644412,0.30463353,0.3902563,0.2833294,0.37081513,0.4926783,0.4630192,0.42360944,0.5028085,0.40360665,0.40555406,0.3477736,0.40011787,0.41201448,0.4144128,0.5233066,1.0,0.4691916,0.3295236,0.35779932,0.6543169,0.29837358,0.42360717,0.39449984,0.35356998
f1a5b77e-a007-4031-949c-dfcaf494b82e,0.32077304,0.48158795,0.34890267,0.26809305,0.31679785,0.29299533,0.30574596,0.3032475,0.47925293,0.28166747,0.21315965,0.56115544,0.26231456,0.4734241,0.4132267,0.35982257,0.5122493,0.34379917,0.37457973,0.21859294,0.30721435,0.39621866,0.47567993,0.3511876,0.42974058,0.3889109,0.3113746,0.28096378,0.36161387,0.43104774,0.60953784,0.30149436,0.23257306,0.24910551,0.43101877,0.22848213,0.61181974,0.38324344,0.2893664,0.32090157,0.37677735,0.41208822,0.39177114,0.3059801,0.4506439,0.6320903,0.49672106,0.28898564,0.30252972,0.3864947,0.4137172,0.4917763,0.2798757,0.3701526,0.23418264,0.34687784,0.31773424,0.4757592,0.4058923,0.31413758,0.30599096,0.41940305,0.2698834,0.36918092,0.4298011,0.2919626,0.5499542,0.24929139,0.368856,0.22668229,0.44711846,0.48606583,0.5535152,0.42287338,0.29607445,0.34461334,0.3054054,0.5547329,0.38839972,0.380658,0.32916403,0.35000587,0.4691916,1.0,0.37185746,0.26329458,0.4539694,0.27512717,0.58839667,0.38092414,0.4294849
f41f137b-c8f2-4930-b605-30db5606ff81,0.2973765,0.40780458,0.16582735,0.32240522,0.41172427,0.30801487,0.30879813,0.34134942,0.3575562,0.30511126,0.3002935,0.3022346,0.29636523,0.32819396,0.2883649,0.2469551,0.28076494,0.3507734,0.18717827,0.18934593,0.3032295,0.2716636,0.3069175,0.46039185,0.4172721,0.32690662,0.29816455,0.57132196,0.272262,0.6467322,0.40407103,0.30696607,0.32980275,0.2825337,0.34808898,0.22212428,0.27985978,0.3571838,0.27432412,0.27726987,0.2296188,0.38612074,0.31205636,0.2915982,0.32283837,0.2646086,0.45300755,0.37611696,0.39642018,0.27580392,0.4681584,0.2594013,0.2956709,0.3439928,0.26651144,0.580166,0.4069288,0.3217619,0.40088493,0.3213168,0.4051492,0.40124232,0.39954764,0.3032417,0.26775593,0.29031634,0.28070778,0.3362041,0.3140922,0.23677325,0.2487088,0.2817859,0.25364494,0.4463026,0.31495756,0.32185757,0.33068895,0.290064,0.22947417,0.29402107,0.40826306,0.3273822,0.3295236,0.37185746,0.9999999,0.39324448,0.32784364,0.3107175,0.28968734,0.40866637,0.3507383
f44650d8-fb25-410b-9125-c016c7e783e8,0.40369713,0.4988839,0.25551987,0.56619406,0.6963699,0.34844565,0.43329436,0.37671998,0.36847425,0.3129195,0.20888922,0.34295082,0.4061234,0.3857888,0.49467784,0.22023548,0.23029613,0.55332774,0.22057065,0.26071185,0.40615845,0.29382,0.2996602,0.29550022,0.4031796,0.32556248,0.40903848,0.29657763,0.25206926,0.4963049,0.3404389,0.42382208,0.4205037,0.407848,0.3474695,0.3445547,0.21898331,0.46656895,0.44676638,0.38040143,0.28362337,0.40371263,0.26202923,0.41350263,0.45274884,0.20402539,0.4187007,0.83995223,0.4785238,0.3279639,0.3987068,0.25520566,0.3831529,0.5326181,0.6164608,0.35106748,0.353465,0.29904443,0.29174367,0.39798063,0.31902286,0.33782092,0.21504399,0.38363707,0.25131285,0.41287968,0.24867328,0.681605,0.37659493,0.50152516,0.26234752,0.320652,0.24403334,0.5499052,0.42153895,0.40570316,0.33671433,0.33293924,0.25512072,0.34503534,0.6487636,0.37713975,0.35779932,0.26329458,0.39324448,1.0,0.34964523,0.43980578,0.33691186,0.39690784,0.47782606
f6bf9be4-df61-4a23-a6dc-4577918d8796,0.50086516,0.48567775,0.37692612,0.31894213,0.36630166,0.47606623,0.3789571,0.36670357,0.8066091,0.32614997,0.31335372,0.44580635,0.4600429,0.41301447,0.36143607,0.4246435,0.4849949,0.39996958,0.39416867,0.2892781,0.47971004,0.38863683,0.44857633,0.36803982,0.5496458,0.46875075,0.39667803,0.24803615,0.34400272,0.4338873,0.42191198,0.5132297,0.424406,0.4858039,0.44361475,0.2924431,0.401326,0.4786818,0.27648664,0.31727478,0.34718627,0.57227695,0.36343825,0.37284824,0.5242381,0.32337764,0.49799374,0.34163037,0.44742507,0.47325024,0.5361663,0.38222697,0.5892099,0.34698027,0.29501545,0.38718155,0.37452877,0.35284737,0.35474473,0.4369604,0.37766272,0.5261586,0.23346525,0.4348463,0.45069307,0.45068544,0.43216902,0.2948912,0.40999353,0.29164922,0.34091967,0.44836813,0.37354884,0.43514526,0.47984448,0.4254163,0.43249696,0.3978284,0.3165412,0.43900818,0.4752904,0.54014015,0.6543169,0.4539694,0.32784364,0.34964523,1.0,0.3266819,0.46515524,0.43220538,0.33930063
fab5bcdc-dbd5-432a-92c6-1b689067b39f,0.35574913,0.3441772,0.17216659,0.5957625,0.46053112,0.2727937,0.29125744,0.30753237,0.27448022,0.33636215,0.24333575,0.25924277,0.4038702,0.32982785,0.35236794,0.2051686,0.17422369,0.3634903,0.23958455,0.22597367,0.3416853,0.24968626,0.243249,0.27408424,0.44043046,0.362943,0.571073,0.29794207,0.27454185,0.34766755,0.2272096,0.36611903,0.41841817,0.3877925,0.3372768,0.3049017,0.20067713,0.3351591,0.28598368,0.6426792,0.24981278,0.29150426,0.17170301,0.33417135,0.3346132,0.22733715,0.40072608,0.36200106,0.41738755,0.38897717,0.30729184,0.2470233,0.36691666,0.3002267,0.44639125,0.34961915,0.33279505,0.27703542,0.29784742,0.39228046,0.28772938,0.32885468,0.25920108,0.45769352,0.23110431,0.4020544,0.24463661,0.49640405,0.39523765,0.5011635,0.31575096,0.30069566,0.31597638,0.33651593,0.3296439,0.30772167,0.30012244,0.21820311,0.2243852,0.29157194,0.46358705,0.3030474,0.29837358,0.27512717,0.3107175,0.43980578,0.3266819,0.99999994,0.3015529,0.32797188,0.2958943
fc33cb12-396e-45ee-836b-4988d0ae9d9a,0.31792158,0.47705865,0.30971336,0.31207234,0.40652007,0.34065506,0.33517355,0.21578968,0.3949055,0.29991823,0.24234012,0.4215871,0.35792607,0.39648852,0.3509912,0.42022622,0.4172371,0.37805805,0.35576665,0.20436883,0.32995656,0.32264775,0.41417778,0.2995485,0.444754,0.3436625,0.3275772,0.24408333,0.35019967,0.36769354,0.5038579,0.3931647,0.3105253,0.3421743,0.36283207,0.23621225,0.61672026,0.33623922,0.3191154,0.27689683,0.33769158,0.3517242,0.32629353,0.36813462,0.48125505,0.5246401,0.4024355,0.29420704,0.34353656,0.3371781,0.3768254,0.38038433,0.36940053,0.35082638,0.30262715,0.30033964,0.31354055,0.3459111,0.49020356,0.36865702,0.39572692,0.3609495,0.28791946,0.34801736,0.434938,0.3515883,0.41317254,0.32886064,0.38015458,0.26126888,0.39859837,0.5162377,0.36841258,0.40725535,0.36443532,0.34641677,0.27403584,0.57465404,0.30168808,0.36071306,0.36347213,0.3375006,0.42360717,0.58839667,0.28968734,0.33691186,0.46515524,0.3015529,1.0,0.33663714,0.3024215
fcfa3f84-b3ad-4a7b-bd1d-8f8898a5a05f,0.35354176,0.39205426,0.28062135,0.45407373,0.36213076,0.3014273,0.35520694,0.3561027,0.4182093,0.49361825,0.33735806,0.42851865,0.31187633,0.46849328,0.35510743,0.30554032,0.3670464,0.3539182,0.3130352,0.2367427,0.30743268,0.32572833,0.33839762,0.48061305,0.3707484,0.6277622,0.3888808,0.42854023,0.3098407,0.48700437,0.37375593,0.34210116,0.29113197,0.29400602,0.3328216,0.27647328,0.30100378,0.37979445,0.26610762,0.37689468,0.28606302,0.43688333,0.25311422,0.3382179,0.47286662,0.29482663,0.4692005,0.39263374,0.36296028,0.34642392,0.5058012,0.26375458,0.36183545,0.33205497,0.43962413,0.3324354,0.32733393,0.3190047,0.38373244,0.38174462,0.45706266,0.35479623,0.3795355,0.41542017,0.33820423,0.32145232,0.35499805,0.34700236,0.32341293,0.40323275,0.31292784,0.29772478,0.29913178,0.36046666,0.3026801,0.40168494,0.37672928,0.4382173,0.25623143,0.40040717,0.40538296,0.3867271,0.39449984,0.38092414,0.40866637,0.39690784,0.43220538,0.32797188,0.33663714,1.0,0.34738714
fef929f6-a3a0-4bd2-87f7-b78cfdf47b32,0.37448597,0.40043318,0.2737388,0.37068248,0.5025868,0.27930143,0.3454376,0.3568942,0.35172522,0.25618204,0.16041707,0.253295,0.2668501,0.34926996,0.86277163,0.19370416,0.24630016,0.69172454,0.2211668,0.23633981,0.32522625,0.28752393,0.2594767,0.3388424,0.40545258,0.2963534,0.32092464,0.32939017,0.26949173,0.36886603,0.2933473,0.32649517,0.28498572,0.27358562,0.4092576,0.2866883,0.32680953,0.38596463,0.6074366,0.32405245,0.3702134,0.3065068,0.36381304,0.5334029,0.33289105,0.28130642,0.37009135,0.46208513,0.3595538,0.35180834,0.31129485,0.31565386,0.24115083,0.7804449,0.37903592,0.4017219,0.36368912,0.34984103,0.23246649,0.28220147,0.2657886,0.35983613,0.24356318,0.36540937,0.24028511,0.28601953,0.285788,0.4313095,0.31957924,0.24437362,0.30894846,0.28767377,0.31222546,0.7123212,0.3072016,0.31632498,0.33470452,0.37447003,0.3103777,0.3097309,0.4283045,0.28371257,0.35356998,0.4294849,0.3507383,0.47782606,0.33930063,0.2958943,0.3024215,0.34738714,1.0
